Data_Time,Year,Month,Day,Value,F_day1,F_day2,F_day3,F_week,dayOfWeek,isWorkday,isHoliday,Season,Tem_max,Tem_min,RH_max,RH_min,Tag,Fix,kmeans
1/1/2016 00:00:00,2016,1,1,4136.932,4136.932,4136.932,4136.932,4136.932,5,0,1,4,7.867395,-5.7793946,90.90128,39.447147,-1,0,1
2/1/2016 00:00:00,2016,1,2,4338.9,4136.932,4338.9,4338.9,4338.9,6,0,1,4,8.2297,-4.8280396,84.61932,37.494835,-1,0,1
3/1/2016 00:00:00,2016,1,3,4801.732,4338.9,4136.932,4801.732,4801.732,7,0,1,4,5.4268126,-3.4982057,76.99188,40.29174,-1,0,1
4/1/2016 00:00:00,2016,1,4,16950.332,4801.732,4338.9,4136.932,16950.332,1,1,0,4,0.95906985,-8.4944055,75.15274,27.499186,0,0,1
5/1/2016 00:00:00,2016,1,5,14952.768,16950.332,4801.732,4338.9,14952.768,2,1,0,4,0.22225341,-11.349035,69.214115,27.0676,0,0,1
6/1/2016 00:00:00,2016,1,6,22183.636,14952.768,16950.332,4801.732,22183.636,3,1,0,4,1.2499024,-10.519934,72.30153,27.322727,0,0,1
7/1/2016 00:00:00,2016,1,7,19641.464,22183.636,14952.768,16950.332,19641.464,4,1,0,4,0.20046386,-10.571325,67.28321,30.168667,0,0,1
8/1/2016 00:00:00,2016,1,8,13205.4,19641.464,22183.636,14952.768,4136.932,5,1,0,4,-0.028295899,-10.098486,66.903915,30.086609,0,0,1
9/1/2016 00:00:00,2016,1,9,7757.6,13205.4,19641.464,22183.636,4338.9,6,0,0,4,3.3202147,-11.059637,74.61477,28.43168,-1,0,1
10/1/2016 00:00:00,2016,1,10,5833.032,7757.6,13205.4,19641.464,4801.732,7,0,0,4,-0.42160645,-9.033422,70.11386,32.75414,-1,0,1
11/1/2016 00:00:00,2016,1,11,25420.304,5833.032,7757.6,13205.4,16950.332,1,1,0,4,-2.7867799,-12.34989,68.866356,27.430748,0,0,1
12/1/2016 00:00:00,2016,1,12,20425.164,25420.304,5833.032,7757.6,14952.768,2,1,0,4,-1.5123657,-13.551458,65.70665,27.435001,0,0,1
13/1/2016 00:00:00,2016,1,13,11166.104,20425.164,25420.304,5833.032,22183.636,3,1,0,4,0.6637207,-9.868383,58.7860035,25.498657,0,0,1
14/1/2016 00:00:00,2016,1,14,11055.464,11166.104,20425.164,25420.304,19641.464,4,1,0,4,3.1858153,-10.295233,65.12875,22.127377,0,0,1
15/1/2016 00:00:00,2016,1,15,11086.1,11055.464,11166.104,20425.164,13205.4,5,1,0,4,2.6779418,-9.595068,80.8783925,25.454828,0,0,1
16/1/2016 00:00:00,2016,1,16,7376.8,11086.1,11055.464,11166.104,7757.6,6,0,0,4,-2.0147767,-6.9428773,101.77169,56.802414,-1,0,1
17/1/2016 00:00:00,2016,1,17,19456.868,7376.8,11086.1,11055.464,5833.032,7,0,0,4,-4.482825,-11.536474,85.050705,29.227943,0,0,1
18/1/2016 00:00:00,2016,1,18,32535.164,19456.868,7376.8,11086.1,25420.304,1,1,0,4,-6.788428,-15.24024,65.431705,31.432268,0,0,1
19/1/2016 00:00:00,2016,1,19,11830.5,32535.164,19456.868,7376.8,20425.164,2,1,0,4,-2.221045,-15.2432,73.244385,26.763672,0,0,1
20/1/2016 00:00:00,2016,1,20,12205.968,11830.5,32535.164,19456.868,11166.104,3,1,0,4,-4.0010133,-11.491095,71.993348,38.533707,0,0,1
21/1/2016 00:00:00,2016,1,21,12722.1,12205.968,11830.5,32535.164,11055.464,4,1,0,4,-4.2320313,-9.950537,83.609474,55.89146,0,0,1
22/1/2016 00:00:00,2016,1,22,48112.668,12722.1,12205.968,11830.5,11086.1,5,1,0,4,-9.060461,-16.662115,64.55205,27.706825,1,0,1
23/1/2016 00:00:00,2016,1,23,46750.068,48112.668,12722.1,12205.968,7376.8,6,0,0,4,-15.059179,-19.755102,56.758656,28.981394,1,0,1
24/1/2016 00:00:00,2016,1,24,36191.532,46750.068,48112.668,12722.1,19456.868,7,0,0,4,-6.316046,-18.078466,50.4087,33.912884,0,0,1
25/1/2016 00:00:00,2016,1,25,12052.232,36191.532,46750.068,48112.668,32535.164,1,1,0,4,1.2610108,-10.979834,63.05764,24.345848,0,0,1
26/1/2016 00:00:00,2016,1,26,25355.432,12052.232,36191.532,46750.068,11830.5,2,1,0,4,0.26473388,-11.662024,62.353096,29.363253,0,0,1
27/1/2016 00:00:00,2016,1,27,12551.468,25355.432,12052.232,36191.532,12205.968,3,1,0,4,-0.74823606,-13.092138,76.60048,31.210241,0,0,1
28/1/2016 00:00:00,2016,1,28,13101.968,12551.468,25355.432,12052.232,12722.1,4,1,0,4,2.8033385,-7.165137,71.97564,27.509945,0,0,1
29/1/2016 00:00:00,2016,1,29,10809.096,13101.968,12551.468,25355.432,48112.668,5,1,0,4,-4.37052,-9.770727,70.4907,35.203857,0,0,1
30/1/2016 00:00:00,2016,1,30,6512.468,10809.096,13101.968,12551.468,46750.068,6,0,0,4,-2.9021363,-11.200506,71.71918,29.757217,-1,0,1
31/1/2016 00:00:00,2016,1,31,8736.404,6512.468,10809.096,13101.968,36191.532,7,0,0,4,0.79451907,-13.339666,63.5459775,30.206608,0,0,1
1/2/2016 00:00:00,2016,2,1,11685.728,8736.404,6512.468,10809.096,12052.232,1,1,0,4,2.6022582,-11.136908,67.29279,28.259403,0,0,1
2/2/2016 00:00:00,2016,2,2,8301.804,11685.728,8736.404,6512.468,25355.432,2,1,0,4,2.8669677,-10.602087,66.533165,25.541634,-1,0,1
3/2/2016 00:00:00,2016,2,3,4904.596,8301.804,11685.728,8736.404,12551.468,3,1,0,4,5.00271,-9.651953,68.69517,22.612595,-1,0,1
4/2/2016 00:00:00,2016,2,4,22021.572,4904.596,8301.804,11685.728,13101.968,4,1,0,4,2.5910277,-7.6481996,60.33021,26.390846,0,0,1
5/2/2016 00:00:00,2016,2,5,38905.128,22021.572,4904.596,8301.804,10809.096,5,1,0,4,1.8613526,-8.858191,61.966667,29.48471,0,0,1
6/2/2016 00:00:00,2016,2,6,4930.168,38905.128,22021.572,4904.596,6512.468,6,0,0,4,5.1271605,-7.7199464,66.000145,28.333902,-1,0,1
7/2/2016 00:00:00,2016,2,7,4523.468,4930.168,38905.128,22021.572,8736.404,7,0,1,4,5.8236327,-9.080694,67.43424,23.11828,-1,0,1
8/2/2016 00:00:00,2016,2,8,24232.668,4523.468,4930.168,38905.128,11685.728,1,0,2,4,9.033472,-5.175055,68.203926,21.443565,0,0,1
9/2/2016 00:00:00,2016,2,9,3614.732,24232.668,4523.468,4930.168,8301.804,2,0,1,4,7.4957824,-4.9374146,77.24279,32.37096,-1,0,1
10/2/2016 00:00:00,2016,2,10,3756.4,3614.732,24232.668,4523.468,4904.596,3,0,1,4,4.767694,-3.2648683,88.1246,44.703495,-1,0,1
11/2/2016 00:00:00,2016,2,11,3264.368,3756.4,3614.732,24232.668,22021.572,4,0,1,4,2.7082763,1.014795,102.61813,79.02259,-1,0,0
12/2/2016 00:00:00,2016,2,12,4503.064,3264.368,3756.4,3614.732,38905.128,5,0,1,4,8.06109,0.985147125,106.36975,65.02782,-1,0,0
13/2/2016 00:00:00,2016,2,13,67898.236,4503.064,3264.368,3756.4,4930.168,6,0,2,4,2.1743712,-7.32871105,95.301735,30.433157,1,0,1
14/2/2016 00:00:00,2016,2,14,37720.9,67898.236,4503.064,3264.368,4523.468,7,0,0,4,-1.3673156,-9.74436,46.746229,30.072084,0,0,1
15/2/2016 00:00:00,2016,2,15,24890.832,37720.9,67898.236,4503.064,24232.668,1,1,0,4,2.4879088,-9.297705,62.189102,30.419998,0,0,1
16/2/2016 00:00:00,2016,2,16,25101.236,24890.832,37720.9,67898.236,3614.732,2,1,0,4,6.3322387,-4.671698,63.40883,30.654182,0,0,1
17/2/2016 00:00:00,2016,2,17,8594.364,25101.236,24890.832,37720.9,3756.4,3,1,0,4,9.205378,-6.032782,68.01132,22.509367,-1,0,1
18/2/2016 00:00:00,2016,2,18,17905.368,8594.364,25101.236,24890.832,3264.368,4,1,0,4,6.73562,-3.6526856,59.5451565,23.854597,0,0,1
19/2/2016 00:00:00,2016,2,19,11144.4,17905.368,8594.364,25101.236,4503.064,5,1,0,4,3.9191833,-4.93036505,66.09477,22.695396,0,0,1
20/2/2016 00:00:00,2016,2,20,5188.164,11144.4,17905.368,8594.364,67898.236,6,0,0,4,1.639032,-8.112768,57.631004,21.499823,-1,0,1
21/2/2016 00:00:00,2016,2,21,6687.136,5188.164,11144.4,17905.368,37720.9,7,0,0,4,3.9641051,-8.136755,72.37614,31.551699,-1,0,1
22/2/2016 00:00:00,2016,2,22,23886.6,6687.136,5188.164,11144.4,24890.832,1,1,0,4,6.2240844,-6.1227174,91.84391,20.877918,0,0,1
23/2/2016 00:00:00,2016,2,23,21112.368,23886.6,6687.136,5188.164,25101.236,2,1,0,4,1.0135437,-7.9604554,59.9273965,22.083284,0,0,1
24/2/2016 00:00:00,2016,2,24,13229.232,21112.368,23886.6,6687.136,8594.364,3,1,0,4,5.416223,-9.672522,67.514885,19.87742,0,0,1
25/2/2016 00:00:00,2016,2,25,15175.032,13229.232,21112.368,23886.6,17905.368,4,1,0,4,5.7390685,-6.3820558,59.884758,21.530455,0,0,1
26/2/2016 00:00:00,2016,2,26,18845.436,15175.032,13229.232,21112.368,11144.4,5,1,0,4,8.139704,-6.636847,66.29276,21.310389,0,0,1
27/2/2016 00:00:00,2016,2,27,8602.696,18845.436,15175.032,13229.232,5188.164,6,0,0,4,6.294336,-5.1037965,71.68644,25.239107,-1,0,1
28/2/2016 00:00:00,2016,2,28,27403.604,8602.696,18845.436,15175.032,6687.136,7,0,0,4,3.755426,-4.845221,76.87273,22.267622,0,0,1
29/2/2016 00:00:00,2016,2,29,8352.564,27403.604,8602.696,18845.436,23886.6,1,1,0,4,5.129724,-7.252539,71.36722,24.082027,-1,0,1
1/3/2016 00:00:00,2016,3,1,10640.364,8352.564,27403.604,8602.696,21112.368,2,1,0,1,12.45376,-3.427527,75.90469,24.716984,0,0,1
2/3/2016 00:00:00,2016,3,2,10565.804,10640.364,8352.564,27403.604,13229.232,3,1,0,1,18.295343,-0.06925049,77.18344,16.561548,0,0,2
3/3/2016 00:00:00,2016,3,3,12523.796,10565.804,10640.364,8352.564,15175.032,4,1,0,1,19.668818,0.48824462,90.47764,19.731565,0,0,2
4/3/2016 00:00:00,2016,3,4,13673.904,12523.796,10565.804,10640.364,18845.436,5,1,0,1,9.4439945,1.462793,93.808784,55.58368,0,0,0
5/3/2016 00:00:00,2016,3,5,28938.232,13673.904,12523.796,10565.804,8602.696,6,0,0,1,10.749353,-0.8390869,57.752785,15.298852,0,0,1
6/3/2016 00:00:00,2016,3,6,4274.032,28938.232,13673.904,12523.796,27403.604,7,0,0,1,7.9450316,-0.96195066,62.119408,28.563055,-1,0,1
7/3/2016 00:00:00,2016,3,7,29399.936,4274.032,28938.232,13673.904,8352.564,1,1,0,1,7.937616,-2.4430604,65.036934,15.028059,0,0,1
8/3/2016 00:00:00,2016,3,8,20904.332,29399.936,4274.032,28938.232,10640.364,2,1,0,1,4.208368,-3.4962983,47.468117,15.267456,0,0,1
9/3/2016 00:00:00,2016,3,9,28208.032,20904.332,29399.936,4274.032,10565.804,3,1,0,1,3.607263,-5.7652955,49.804028,15.097583,0,0,1
10/3/2016 00:00:00,2016,3,10,13854.9,28208.032,20904.332,29399.936,12523.796,4,1,0,1,6.159143,-6.125647,55.15018,17.821123,0,0,1
11/3/2016 00:00:00,2016,3,11,10304.036,13854.9,28208.032,20904.332,13673.904,5,1,0,1,6.827081,-5.5238404,58.95236,17.695522,0,0,1
12/3/2016 00:00:00,2016,3,12,7124.264,10304.036,13854.9,28208.032,28938.232,6,0,0,1,8.7495365,-2.0410829,64.12634,22.523705,-1,0,1
13/3/2016 00:00:00,2016,3,13,28551.236,7124.264,10304.036,13854.9,4274.032,7,0,0,1,10.691767,-2.8100343,51.218594,14.834887,0,0,1
14/3/2016 00:00:00,2016,3,14,13300.732,28551.236,7124.264,10304.036,29399.936,1,1,0,1,15.494562,-2.3465333,63.78963,13.865343,0,0,1
15/3/2016 00:00:00,2016,3,15,11601.332,13300.732,28551.236,7124.264,20904.332,2,1,0,1,10.8449955,3.6025634,78.647095,31.221453,0,0,1
16/3/2016 00:00:00,2016,3,16,9528.504,11601.332,13300.732,28551.236,28208.032,3,1,0,1,16.56405,1.90542,78.775955,28.849415,0,0,2
17/3/2016 00:00:00,2016,3,17,8021.264,9528.504,11601.332,13300.732,13854.9,4,1,0,1,20.58523,3.5831542,82.53246,26.399237,-1,0,2
18/3/2016 00:00:00,2016,3,18,12607.232,8021.264,9528.504,11601.332,10304.036,5,1,0,1,21.535334,2.6100097,63.39009,14.041128,0,0,2
19/3/2016 00:00:00,2016,3,19,5773.4,12607.232,8021.264,9528.504,7124.264,6,0,0,1,13.267298,2.3991942,65.65277,26.447672,-1,0,1
20/3/2016 00:00:00,2016,3,20,5327.036,5773.4,12607.232,8021.264,28551.236,7,0,0,1,17.285425,2.9113402,76.607666,20.371147,-1,0,2
21/3/2016 00:00:00,2016,3,21,7737.864,5327.036,5773.4,12607.232,13300.732,1,1,0,1,19.440393,3.4169555,79.8137,21.62212,-1,0,2
22/3/2016 00:00:00,2016,3,22,8231.336,7737.864,5327.036,5773.4,11601.332,2,1,0,1,13.297632,4.70928335,69.120514,33.749588,-1,0,1
23/3/2016 00:00:00,2016,3,23,16423.096,8231.336,7737.864,5327.036,9528.504,3,1,0,1,12.556238,-0.24588624,57.01184,14.849833,0,0,2
24/3/2016 00:00:00,2016,3,24,11252.4,16423.096,8231.336,7737.864,8021.264,4,1,0,1,12.911951,-0.26871338,53.13333,14.244711,0,0,1
25/3/2016 00:00:00,2016,3,25,7817.704,11252.4,16423.096,8231.336,12607.232,5,1,0,1,12.751429,-1.3070434,62.612637,16.295439,-1,0,1
26/3/2016 00:00:00,2016,3,26,20830.564,7817.704,11252.4,16423.096,5773.4,6,0,0,1,17.21966,1.7519165,48.28354,12.909028,0,0,2
27/3/2016 00:00:00,2016,3,27,8931.336,20830.564,7817.704,11252.4,5327.036,7,0,0,1,20.499353,2.8879027,46.275284,10.049519,0,0,2
28/3/2016 00:00:00,2016,3,28,20092.364,8931.336,20830.564,7817.704,7737.864,1,1,0,1,23.29156,6.1267943,50.068993,11.506181,0,0,2
29/3/2016 00:00:00,2016,3,29,19087.936,20092.364,8931.336,20830.564,8231.336,2,1,0,1,21.281214,1.994104,50.258766,12.939274,0,0,2
30/3/2016 00:00:00,2016,3,30,11308.264,19087.936,20092.364,8931.336,16423.096,3,1,0,1,20.311365,2.5536742,54.413425,14.346435,0,0,2
31/3/2016 00:00:00,2016,3,31,16190.468,11308.264,19087.936,20092.364,11252.4,4,1,0,1,22.443567,4.495172,78.11131,24.06733,0,0,2
1/4/2016 00:00:00,2016,4,1,29115.632,16190.468,11308.264,19087.936,7817.704,5,1,0,1,20.496363,7.89486065,87.089165,16.567835,0,0,2
2/4/2016 00:00:00,2016,4,2,20941.036,29115.632,16190.468,11308.264,20830.564,6,0,2,1,18.003138,4.628137,77.78998,11.032191,0,0,1
3/4/2016 00:00:00,2016,4,3,8263.032,20941.036,29115.632,16190.468,8931.336,7,0,1,1,17.9844,5.201257,47.110365,10.407371,-1,0,2
4/4/2016 00:00:00,2016,4,4,10346.068,8263.032,20941.036,29115.632,20092.364,1,0,1,1,21.493555,4.2300353,55.354,12.688376,0,0,2
5/4/2016 00:00:00,2016,4,5,14886.732,10346.068,8263.032,20941.036,19087.936,2,1,0,1,21.534266,5.9829955,65.16779,19.600338,0,0,2
6/4/2016 00:00:00,2016,4,6,8086.268,14886.732,10346.068,8263.032,11308.264,3,1,0,1,20.982233,6.714227,64.03329,38.48671,-1,0,0
7/4/2016 00:00:00,2016,4,7,21284.068,8086.268,14886.732,10346.068,16190.468,4,1,0,1,22.549921,7.039453,54.97488,12.54631,0,0,2
8/4/2016 00:00:00,2016,4,8,24477.992,21284.068,8086.268,14886.732,29115.632,5,1,0,1,23.988,2.7940917,37.760963,6.954385,0,0,2
9/4/2016 00:00:00,2016,4,9,19367.272,24477.992,21284.068,8086.268,20941.036,6,0,0,1,23.29333,6.586206,46.426308,10.193239,0,0,2
10/4/2016 00:00:00,2016,4,10,9114.764,19367.272,24477.992,21284.068,8263.032,7,0,0,1,18.487116,4.811731,51.8678815,12.011388,0,0,2
11/4/2016 00:00:00,2016,4,11,9417.436,9114.764,19367.272,24477.992,10346.068,1,1,0,1,16.295618,3.8626342,63.445896,18.205063,0,0,2
12/4/2016 00:00:00,2016,4,12,7452.868,9417.436,9114.764,19367.272,14886.732,2,1,0,1,20.913538,3.2068725,87.28385,28.419827,-1,0,2
13/4/2016 00:00:00,2016,4,13,16743.16,7452.868,9417.436,9114.764,8086.268,3,1,0,1,25.110743,6.557489,89.59083,9.041777,0,0,2
14/4/2016 00:00:00,2016,4,14,20594.144,16743.16,7452.868,9417.436,21284.068,4,1,0,1,21.358149,6.289026,59.7951565,14.297013,0,0,2
15/4/2016 00:00:00,2016,4,15,12786.532,20594.144,16743.16,7452.868,24477.992,5,1,0,1,22.056482,5.590204,77.813576,25.918167,0,0,2
16/4/2016 00:00:00,2016,4,16,23349.3,12786.532,20594.144,16743.16,19367.272,6,0,0,1,18.877924,9.030695,64.31271,17.884333,0,0,2
17/4/2016 00:00:00,2016,4,17,559.3,23349.3,12786.532,20594.144,9114.764,7,0,0,1,17.021235,4.5449767,54.73177,14.893012,-1,1,1
18/4/2016 00:00:00,2016,4,18,9675.996,559.3,23349.3,12786.532,9417.436,1,1,0,1,18.45431,3.4134154,56.575844,12.168953,0,0,2
19/4/2016 00:00:00,2016,4,19,6779.636,9675.996,559.3,23349.3,7452.868,2,1,0,1,15.382044,8.764063,85.904472,26.247887,-1,0,2
20/4/2016 00:00:00,2016,4,20,11496.996,6779.636,9675.996,559.3,16743.16,3,1,0,1,26.314447,6.305139,92.79351,12.545606,0,0,2
21/4/2016 00:00:00,2016,4,21,19151.468,11496.996,6779.636,9675.996,20594.144,4,1,0,1,30.455957,9.990229,47.82669,8.051653,0,0,2
22/4/2016 00:00:00,2016,4,22,25189.232,19151.468,11496.996,6779.636,12786.532,5,1,0,1,24.12533,9.02215,33.892246,6.930108,0,0,2
23/4/2016 00:00:00,2016,4,23,7737.9,25189.232,19151.468,11496.996,23349.3,6,0,0,1,21.753931,6.116754,45.055138,8.839588,-1,0,2
24/4/2016 00:00:00,2016,4,24,13312.632,7737.9,25189.232,19151.468,559.3,7,0,0,1,27.02682,7.413263,58.50013,20.436718,0,0,2
25/4/2016 00:00:00,2016,4,25,20308.164,13312.632,7737.9,25189.232,9675.996,1,1,0,1,28.000208,11.574305,82.25366,18.772245,0,0,2
26/4/2016 00:00:00,2016,4,26,9810.168,20308.164,13312.632,7737.9,6779.636,2,1,0,1,22.706629,11.402491,50.516304,26.61191,0,0,2
27/4/2016 00:00:00,2016,4,27,7333.6,9810.168,20308.164,13312.632,11496.996,3,1,0,1,19.031733,12.046381,66.736195,30.254663,-1,0,2
28/4/2016 00:00:00,2016,4,28,16030.104,7333.6,9810.168,20308.164,19151.468,4,1,0,1,25.219019,12.436243,70.534134,19.154745,0,0,2
29/4/2016 00:00:00,2016,4,29,9490.1,16030.104,7333.6,9810.168,25189.232,5,1,0,1,30.528345,9.730707,66.106316,16.09523,0,0,2
30/4/2016 00:00:00,2016,4,30,8516.428,9490.1,16030.104,7333.6,7737.9,6,0,2,1,30.66891,13.980371,60.989902,13.933928,-1,0,2
1/5/2016 00:00:00,2016,5,1,2042.404,8516.428,9490.1,16030.104,13312.632,7,0,1,1,33.51629,13.306116,79.580475,20.792887,-1,1,2
2/5/2016 00:00:00,2016,5,2,14503.364,2042.404,8516.428,9490.1,20308.164,1,0,2,1,21.733667,10.4049015,68.40571,44.801453,0,0,0
3/5/2016 00:00:00,2016,5,3,33464.636,14503.364,2042.404,8516.428,9810.168,2,1,0,1,24.73974,8.783808,64.75179,10.04117,0,0,2
4/5/2016 00:00:00,2016,5,4,9567.8,33464.636,14503.364,2042.404,7333.6,3,1,0,1,27.630945,9.453272,54.862115,9.430484,0,0,2
5/5/2016 00:00:00,2016,5,5,17054.304,9567.8,33464.636,14503.364,16030.104,4,1,0,1,29.23678,13.10943,65.83632,10.265184,0,0,2
6/5/2016 00:00:00,2016,5,6,21718.528,17054.304,9567.8,33464.636,9490.1,5,1,0,1,24.396448,10.998133,35.62637,11.301998,0,0,2
7/5/2016 00:00:00,2016,5,7,8095.8,21718.528,17054.304,9567.8,8516.428,6,0,0,1,25.20492,9.221186,47.162638,8.046136,-1,0,2
8/5/2016 00:00:00,2016,5,8,8145.54,8095.8,21718.528,17054.304,2042.404,7,0,0,1,26.272577,12.4431095,65.5505905,15.614845,-1,0,2
9/5/2016 00:00:00,2016,5,9,12099.932,8145.54,8095.8,21718.528,14503.364,1,1,0,1,21.874231,12.851526,77.82807,29.936962,0,0,2
10/5/2016 00:00:00,2016,5,10,10664.496,12099.932,8145.54,8095.8,33464.636,2,1,0,1,27.070612,11.331385,75.51293,17.216162,0,0,2
11/5/2016 00:00:00,2016,5,11,12912.668,10664.496,12099.932,8145.54,9567.8,3,1,0,1,30.648706,15.973841,91.45226,26.082706,0,0,2
12/5/2016 00:00:00,2016,5,12,28079.5,12912.668,10664.496,12099.932,17054.304,4,1,0,1,20.472986,13.8476965,92.21339,14.158378,0,0,2
13/5/2016 00:00:00,2016,5,13,12164.432,28079.5,12912.668,10664.496,21718.528,5,1,0,1,23.574396,12.028711,47.2588805,14.22004,0,0,2
14/5/2016 00:00:00,2016,5,14,10818.572,12164.432,28079.5,12912.668,8095.8,6,0,0,1,17.126062,10.27688,96.66316,49.211086,0,0,0
15/5/2016 00:00:00,2016,5,15,12428.028,10818.572,12164.432,28079.5,8145.54,7,0,0,1,23.332666,10.471277,86.60638,10.391958,0,0,2
16/5/2016 00:00:00,2016,5,16,20778.468,12428.028,10818.572,12164.432,12099.932,1,1,0,1,31.10116,10.806543,45.153656,9.187582,0,0,2
17/5/2016 00:00:00,2016,5,17,17372.396,20778.468,12428.028,10818.572,10664.496,2,1,0,1,31.831507,14.474604,51.350374,10.322294,0,0,2
18/5/2016 00:00:00,2016,5,18,13093.54,17372.396,20778.468,12428.028,12912.668,3,1,0,1,29.277918,17.04458,68.9355,26.34673,0,0,2
19/5/2016 00:00:00,2016,5,19,11416.06,13093.54,17372.396,20778.468,28079.5,4,1,0,1,28.849115,15.33169,76.97405,16.477636,0,0,2
20/5/2016 00:00:00,2016,5,20,10613.3,11416.06,13093.54,17372.396,12164.432,5,1,0,1,26.819178,15.013208,60.69838,17.862791,0,0,2
21/5/2016 00:00:00,2016,5,21,5774.6,10613.3,11416.06,13093.54,10818.572,6,0,0,1,28.449915,14.957056,60.588142,17.959213,-1,0,2
22/5/2016 00:00:00,2016,5,22,4338.9,5774.6,10613.3,11416.06,12428.028,7,0,0,1,28.383204,16.93197,45.54447,17.622011,-1,0,2
23/5/2016 00:00:00,2016,5,23,9972.208,4338.9,5774.6,10613.3,20778.468,1,1,0,1,23.196314,11.564371,71.80902,32.694897,0,0,2
24/5/2016 00:00:00,2016,5,24,17467.46,9972.208,4338.9,5774.6,17372.396,2,1,0,1,29.355738,9.517969,73.82471,12.435604,0,0,2
25/5/2016 00:00:00,2016,5,25,13507.068,17467.46,9972.208,4338.9,13093.54,3,1,0,1,27.997614,13.03097,68.25931,14.898048,0,0,2
26/5/2016 00:00:00,2016,5,26,20352.632,13507.068,17467.46,9972.208,11416.06,4,1,0,1,29.545923,14.13653,52.902565,9.179101,0,0,2
27/5/2016 00:00:00,2016,5,27,15519.9,20352.632,13507.068,17467.46,10613.3,5,1,0,1,28.623499,16.614344,39.302382,10.471502,0,0,2
28/5/2016 00:00:00,2016,5,28,9273.204,15519.9,20352.632,13507.068,5774.6,6,0,0,1,31.295221,13.825281,49.61324,12.154634,0,0,2
29/5/2016 00:00:00,2016,5,29,13553.096,9273.204,15519.9,20352.632,4338.9,7,0,0,1,32.337364,16.77505,46.08669,6.8449583,0,0,2
30/5/2016 00:00:00,2016,5,30,9636.532,13553.096,9273.204,15519.9,9972.208,1,1,0,1,37.417442,15.649225,48.108257,11.726288,0,0,2
31/5/2016 00:00:00,2016,5,31,19674.84,9636.532,13553.096,9273.204,17467.46,2,1,0,1,25.397364,19.659449,47.831875,20.20092,0,0,2
1/6/2016 00:00:00,2016,6,1,9880.164,19674.84,9636.532,13553.096,13507.068,3,1,0,2,29.847101,17.377527,55.88333,22.347456,0,0,2
2/6/2016 00:00:00,2016,6,2,12635.096,9880.164,19674.84,9636.532,20352.632,4,1,0,2,31.455347,17.540247,56.154842,12.249628,0,0,2
3/6/2016 00:00:00,2016,6,3,10278.576,12635.096,9880.164,19674.84,15519.9,5,1,0,2,28.063868,18.858728,38.131537,16.974108,0,0,2
4/6/2016 00:00:00,2016,6,4,6229.628,10278.576,12635.096,9880.164,9273.204,6,0,0,2,28.90307,18.195765,51.4569205,22.907318,-1,0,2
5/6/2016 00:00:00,2016,6,5,7204.572,6229.628,10278.576,12635.096,13553.096,7,0,0,2,30.149683,15.601648,75.17147,21.45547,-1,0,2
6/6/2016 00:00:00,2016,6,6,12861.732,7204.572,6229.628,10278.576,9636.532,1,1,0,2,30.610712,16.587244,69.415924,25.370382,0,0,2
7/6/2016 00:00:00,2016,6,7,11470.228,12861.732,7204.572,6229.628,19674.84,2,1,0,2,24.650782,15.872309,86.039024,43.055756,0,0,0
8/6/2016 00:00:00,2016,6,8,10808.204,11470.228,12861.732,7204.572,9880.164,3,1,0,2,31.514063,16.922693,85.48497,22.388607,0,0,2
9/6/2016 00:00:00,2016,6,9,21327.428,10808.204,11470.228,12861.732,12635.096,4,0,2,2,33.31655,17.50332,79.15653,24.34117,0,0,2
10/6/2016 00:00:00,2016,6,10,4288,21327.428,10808.204,11470.228,10278.576,5,0,1,2,34.32998,19.101007,93.59384,18.52679,-1,0,2
11/6/2016 00:00:00,2016,6,11,5925.84,4288,21327.428,10808.204,6229.628,6,0,1,2,30.764856,17.667719,60.103916,18.452206,-1,0,2
12/6/2016 00:00:00,2016,6,12,10898.76,5925.84,4288,21327.428,7204.572,7,0,0,2,30.460169,16.39364,79.11575,22.354954,0,0,2
13/6/2016 00:00:00,2016,6,13,10551.472,10898.76,5925.84,4288,12861.732,1,1,0,2,24.536798,17.848963,89.87121,49.841244,0,0,0
14/6/2016 00:00:00,2016,6,14,9792.8,10551.472,10898.76,5925.84,11470.228,2,1,0,2,22.222742,15.492762,90.84341,55.546097,0,0,0
15/6/2016 00:00:00,2016,6,15,10399.3,9792.8,10551.472,10898.76,10808.204,3,1,0,2,32.28472,15.260157,87.3615,18.92196,0,0,2
16/6/2016 00:00:00,2016,6,16,11076.796,10399.3,9792.8,10551.472,21327.428,4,1,0,2,34.96627,16.571314,67.15431,16.189785,0,0,2
17/6/2016 00:00:00,2016,6,17,12217.836,11076.796,10399.3,9792.8,4288,5,1,0,2,32.12539,20.160486,83.23877,25.814077,0,0,2
18/6/2016 00:00:00,2016,6,18,5766.8,12217.836,11076.796,10399.3,5925.84,6,0,0,2,33.35183,18.485712,92.05025,22.251225,-1,0,2
19/6/2016 00:00:00,2016,6,19,5160.9,5766.8,12217.836,11076.796,10898.76,7,0,0,2,34.91207,20.73031,65.27801,17.526295,-1,0,2
20/6/2016 00:00:00,2016,6,20,8725,5160.9,5766.8,12217.836,10551.472,1,1,0,2,33.0895,20.201471,83.09386,35.279522,0,0,2
21/6/2016 00:00:00,2016,6,21,10672.8,8725,5160.9,5766.8,9792.8,2,1,0,2,32.023735,22.060999,96.351652,40.50554,0,0,0
22/6/2016 00:00:00,2016,6,22,10127.632,10672.8,8725,5160.9,10399.3,3,1,0,2,36.368614,21.601007,97.90563,26.52844,0,0,2
23/6/2016 00:00:00,2016,6,23,9698.796,10127.632,10672.8,8725,11076.796,4,1,0,2,31.092066,22.4741305,79.36598,21.876356,0,0,2
24/6/2016 00:00:00,2016,6,24,16743.004,9698.796,10127.632,10672.8,12217.836,5,1,0,2,33.13497,18.208277,57.858498,14.553034,0,0,2
25/6/2016 00:00:00,2016,6,25,10759.468,16743.004,9698.796,10127.632,5766.8,6,0,0,2,36.47988,19.26449,46.637363,12.881106,0,0,2
26/6/2016 00:00:00,2016,6,26,16619.132,10759.468,16743.004,9698.796,5160.9,7,0,0,2,34.565697,23.52099,50.383183,17.049547,0,0,2
27/6/2016 00:00:00,2016,6,27,9260.8,16619.132,10759.468,16743.004,8725,1,1,0,2,30.32168,20.229059,96.9713575,28.718685,0,0,2
28/6/2016 00:00:00,2016,6,28,9847.304,9260.8,16619.132,10759.468,10672.8,2,1,0,2,23.338404,18.57107,98.125682,68.24649,0,0,0
29/6/2016 00:00:00,2016,6,29,11141.232,9847.304,9260.8,16619.132,10127.632,3,1,0,2,31.91128,17.844172,98.66291,35.316517,0,0,2
30/6/2016 00:00:00,2016,6,30,11080.632,11141.232,9847.304,9260.8,9698.796,4,1,0,2,33.05117,19.444605,89.97837,30.55987,0,0,2
1/7/2016 00:00:00,2016,7,1,12798.304,11080.632,11141.232,9847.304,16743.004,5,1,0,2,31.009638,19.299128,73.161125,25.44569,0,0,2
2/7/2016 00:00:00,2016,7,2,9258.532,12798.304,11080.632,11141.232,10759.468,6,0,0,2,33.67153,19.689966,70.083265,20.159061,0,0,2
3/7/2016 00:00:00,2016,7,3,5762.892,9258.532,12798.304,11080.632,16619.132,7,0,0,2,30.96499,22.193933,78.7646325,38.541687,-1,0,0
4/7/2016 00:00:00,2016,7,4,11271.9,5762.892,9258.532,12798.304,9260.8,1,1,0,2,29.677607,21.27331,87.70693,45.592125,0,0,0
5/7/2016 00:00:00,2016,7,5,11300.976,11271.9,5762.892,9258.532,9847.304,2,1,0,2,31.62832,20.88241,78.13337,34.635914,0,0,2
6/7/2016 00:00:00,2016,7,6,10500.064,11300.976,11271.9,5762.892,11141.232,3,1,0,2,32.611168,21.140253,75.40019,26.077652,0,0,2
7/7/2016 00:00:00,2016,7,7,12613.432,10500.064,11300.976,11271.9,11080.632,4,1,0,2,32.651268,21.018396,78.256135,34.11217,0,0,2
8/7/2016 00:00:00,2016,7,8,11215.132,12613.432,10500.064,11300.976,12798.304,5,1,0,2,31.597376,22.202967,82.433464,44.08869,0,0,0
9/7/2016 00:00:00,2016,7,9,7911.232,11215.132,12613.432,10500.064,9258.532,6,0,0,2,34.245323,24.21676,80.84061,39.37695,-1,0,0
10/7/2016 00:00:00,2016,7,10,7793.864,7911.232,11215.132,12613.432,5762.892,7,0,0,2,36.245872,23.684107,82.684044,32.466778,-1,0,2
11/7/2016 00:00:00,2016,7,11,12475.74,7793.864,7911.232,11215.132,11271.9,1,1,0,2,34.55239,25.47613,74.54861,35.63535,0,0,2
12/7/2016 00:00:00,2016,7,12,11878.3,12475.74,7793.864,7911.232,11300.976,2,1,0,2,30.062159,24.5768835,80.3948,45.931576,0,0,0
13/7/2016 00:00:00,2016,7,13,10406.368,11878.3,12475.74,7793.864,10500.064,3,1,0,2,34.887596,21.795069,83.33563,26.654783,0,0,2
14/7/2016 00:00:00,2016,7,14,10991.936,10406.368,11878.3,12475.74,12613.432,4,1,0,2,30.06341,23.3300725,74.355625,33.015896,0,0,2
15/7/2016 00:00:00,2016,7,15,10193.632,10991.936,10406.368,11878.3,11215.132,5,1,0,2,26.16073,19.448359,91.96867,50.963387,0,0,0
16/7/2016 00:00:00,2016,7,16,6036.796,10193.632,10991.936,10406.368,7911.232,6,0,0,2,27.611017,19.006739,87.133835,39.644814,-1,0,0
17/7/2016 00:00:00,2016,7,17,5325.764,6036.796,10193.632,10991.936,7793.864,7,0,0,2,30.24087,20.535791,81.35278,39.81912,-1,0,0
18/7/2016 00:00:00,2016,7,18,9500.304,5325.764,6036.796,10193.632,12475.74,1,1,0,2,29.235804,21.941797,79.03475,43.91217,0,0,0
19/7/2016 00:00:00,2016,7,19,11101.496,9500.304,5325.764,6036.796,11878.3,2,1,0,2,23.581018,21.048792,96.51642,76.61156,0,0,0
20/7/2016 00:00:00,2016,7,20,37512.04,11101.496,9500.304,5325.764,10406.368,3,1,0,2,23.461206,20.516169,97.1137,88.701515,0,0,0
21/7/2016 00:00:00,2016,7,21,8911.092,37512.04,11101.496,9500.304,10991.936,4,1,0,2,27.34054,20.950891,98.341675,75.65127,0,0,0
22/7/2016 00:00:00,2016,7,22,9567.076,8911.092,37512.04,11101.496,10193.632,5,1,0,2,29.060877,22.6719,99.095937,73.92253,0,0,0
23/7/2016 00:00:00,2016,7,23,7410.396,9567.076,8911.092,37512.04,6036.796,6,0,0,2,32.019096,24.197474,99.899536,72.07963,-1,0,0
24/7/2016 00:00:00,2016,7,24,7367.832,7410.396,9567.076,8911.092,5325.764,7,0,0,2,32.275047,24.992731,98.53834,67.349205,-1,0,0
25/7/2016 00:00:00,2016,7,25,10121.628,7367.832,7410.396,9567.076,9500.304,1,1,0,2,30.128504,24.157343,98.54634,77.345215,0,0,0
26/7/2016 00:00:00,2016,7,26,12044.568,10121.628,7367.832,7410.396,11101.496,2,1,0,2,31.88827,22.073053,91.62244,48.58436,0,0,0
27/7/2016 00:00:00,2016,7,27,15845.872,12044.568,10121.628,7367.832,37512.04,3,1,0,2,32.80294,21.85003,96.04901,53.37223,0,0,0
28/7/2016 00:00:00,2016,7,28,12185.096,15845.872,12044.568,10121.628,8911.092,4,1,0,2,31.09115,22.79342,98.73249,64.735214,0,0,0
29/7/2016 00:00:00,2016,7,29,12414.24,12185.096,15845.872,12044.568,9567.076,5,1,0,2,31.506739,22.790491,98.72329,68.991035,0,0,0
30/7/2016 00:00:00,2016,7,30,9036.596,12414.24,12185.096,15845.872,7410.396,6,0,0,2,29.084589,23.753382,98.67828,81.8262,0,0,0
31/7/2016 00:00:00,2016,7,31,7290.3,9036.596,12414.24,12185.096,7367.832,7,0,0,2,28.3052,23.185877,98.6056,79.59813,-1,0,0
1/8/2016 00:00:00,2016,8,1,10889.904,7290.3,9036.596,12414.24,10121.628,1,1,0,2,28.676691,23.555994,97.914665,72.29244,0,0,0
2/8/2016 00:00:00,2016,8,2,10940.096,10889.904,7290.3,9036.596,12044.568,2,1,0,2,30.626764,22.136286,94.47359,60.73008,0,0,0
3/8/2016 00:00:00,2016,8,3,10848.532,10940.096,10889.904,7290.3,15845.872,3,1,0,2,31.84884,24.489618,88.231674,59.733063,0,0,0
4/8/2016 00:00:00,2016,8,4,12369.164,10848.532,10940.096,10889.904,12185.096,4,1,0,2,30.851007,24.679407,91.2024,65.2041,0,0,0
5/8/2016 00:00:00,2016,8,5,11760.1,12369.164,10848.532,10940.096,12414.24,5,1,0,2,29.60061,24.220087,91.26969,66.06045,0,0,0
6/8/2016 00:00:00,2016,8,6,8975.208,11760.1,12369.164,10848.532,9036.596,6,0,0,2,31.188837,24.349756,93.06865,64.76075,0,0,0
7/8/2016 00:00:00,2016,8,7,8267.3,8975.208,11760.1,12369.164,7290.3,7,0,0,2,27.583948,21.923029,98.45147,59.483967,-1,0,0
8/8/2016 00:00:00,2016,8,8,11126.392,8267.3,8975.208,11760.1,10889.904,1,1,0,2,29.108912,21.746424,88.69031,56.045998,0,0,0
9/8/2016 00:00:00,2016,8,9,12632.44,11126.392,8267.3,8975.208,10940.096,2,1,0,2,29.630793,21.98681,91.507175,54.80425,0,0,0
10/8/2016 00:00:00,2016,8,10,13795.328,12632.44,11126.392,8267.3,10848.532,3,1,0,2,31.887842,23.218958,95.18906,64.51576,0,0,0
11/8/2016 00:00:00,2016,8,11,12452.768,13795.328,12632.44,11126.392,12369.164,4,1,0,2,32.757835,24.913294,94.22295,60.299034,0,0,0
12/8/2016 00:00:00,2016,8,12,11003.196,12452.768,13795.328,12632.44,11760.1,5,1,0,2,31.764093,24.225336,90.99459,68.522705,0,0,0
13/8/2016 00:00:00,2016,8,13,8158.3,11003.196,12452.768,13795.328,8975.208,6,0,0,2,31.768488,21.174677,94.31958,36.094265,-1,0,2
14/8/2016 00:00:00,2016,8,14,6725.5,8158.3,11003.196,12452.768,8267.3,7,0,0,2,31.482447,17.574915,85.00437,36.207905,-1,0,2
15/8/2016 00:00:00,2016,8,15,12184.9,6725.5,8158.3,11003.196,11126.392,1,1,0,2,25.623926,20.6318,91.59771,65.841446,0,0,0
16/8/2016 00:00:00,2016,8,16,12909.268,12184.9,6725.5,8158.3,12632.44,2,1,0,2,28.232843,20.344324,90.541534,61.567497,0,0,0
17/8/2016 00:00:00,2016,8,17,13781.508,12909.268,12184.9,6725.5,13795.328,3,1,0,2,26.562525,21.981623,97.49757,72.36957,0,0,0
18/8/2016 00:00:00,2016,8,18,12096.596,13781.508,12909.268,12184.9,12452.768,4,1,0,2,24.67193,21.105738,97.78651,87.74603,0,0,0
19/8/2016 00:00:00,2016,8,19,14029.936,12096.596,13781.508,12909.268,11003.196,5,1,0,2,28.371546,21.166224,96.738014,66.66747,0,0,0
20/8/2016 00:00:00,2016,8,20,7414.4,14029.936,12096.596,13781.508,8158.3,6,0,0,2,28.50625,21.434626,93.301094,63.242092,-1,0,0
21/8/2016 00:00:00,2016,8,21,5639.4,7414.4,14029.936,12096.596,6725.5,7,0,0,2,30.619165,22.386683,93.305954,59.274937,-1,0,0
22/8/2016 00:00:00,2016,8,22,10407.4,5639.4,7414.4,14029.936,12184.9,1,1,0,2,28.968683,23.2228795,86.252835,53.994034,0,0,0
23/8/2016 00:00:00,2016,8,23,10654.968,10407.4,5639.4,7414.4,12909.268,2,1,0,2,27.562128,21.721888,90.17271,66.80825,0,0,0
24/8/2016 00:00:00,2016,8,24,11377.1,10654.968,10407.4,5639.4,13781.508,3,1,0,2,30.515985,22.42364,93.460405,61.46687,0,0,0
25/8/2016 00:00:00,2016,8,25,10516.224,11377.1,10654.968,10407.4,12096.596,4,1,0,2,26.961512,17.24502,93.52365,38.594757,0,0,0
26/8/2016 00:00:00,2016,8,26,11348.368,10516.224,11377.1,10654.968,14029.936,5,1,0,2,26.890436,14.556604,73.455864,35.560375,0,0,2
27/8/2016 00:00:00,2016,8,27,5295.8,11348.368,10516.224,11377.1,7414.4,6,0,0,2,29.963984,14.245844,75.68344,30.34378,-1,0,2
28/8/2016 00:00:00,2016,8,28,5290.908,5295.8,11348.368,10516.224,5639.4,7,0,0,2,30.001978,14.900599,64.82925,28.918875,-1,0,2
29/8/2016 00:00:00,2016,8,29,11436.6,5290.908,5295.8,11348.368,10407.4,1,1,0,2,28.870874,15.94729,74.064766,37.927692,0,0,0
30/8/2016 00:00:00,2016,8,30,10929.928,11436.6,5290.908,5295.8,10654.968,2,1,0,2,30.830103,19.186548,84.494125,34.44138,0,0,2
31/8/2016 00:00:00,2016,8,31,20062.94,10929.928,11436.6,5290.908,11377.1,3,1,0,2,31.427362,16.219599,74.37935,23.472792,0,0,2
1/9/2016 00:00:00,2016,9,1,17555.596,20062.94,10929.928,11436.6,10516.224,4,1,0,3,25.550135,16.139795,70.943072,35.68936,0,0,2
2/9/2016 00:00:00,2016,9,2,10094.136,17555.596,20062.94,10929.928,11348.368,5,1,0,3,27.329676,16.039057,79.245535,37.88428,0,0,2
3/9/2016 00:00:00,2016,9,3,7087,10094.136,17555.596,20062.94,5295.8,6,0,0,3,28.910975,17.371973,82.37895,38.819107,-1,0,0
4/9/2016 00:00:00,2016,9,4,6416.692,7087,10094.136,17555.596,5290.908,7,0,0,3,27.752497,18.375025,98.85127,49.99035,-1,0,0
5/9/2016 00:00:00,2016,9,5,11467.976,6416.692,7087,10094.136,11436.6,1,1,0,3,29.556177,17.174128,97.77715,35.813164,0,0,2
6/9/2016 00:00:00,2016,9,6,12132.924,11467.976,6416.692,7087,10929.928,2,1,0,3,27.694239,18.281427,72.8316,43.36584,0,0,0
7/9/2016 00:00:00,2016,9,7,14723.976,12132.924,11467.976,6416.692,20062.94,3,1,0,3,29.540125,18.213251,80.1119675,37.247158,0,0,2
8/9/2016 00:00:00,2016,9,8,12539.2,14723.976,12132.924,11467.976,17555.596,4,1,0,3,30.070398,14.973261,86.23549,25.686367,0,0,2
9/9/2016 00:00:00,2016,9,9,13734.592,12539.2,14723.976,12132.924,10094.136,5,1,0,3,29.674006,15.756311,68.54341,32.62092,0,0,2
10/9/2016 00:00:00,2016,9,10,8371.004,13734.592,12539.2,14723.976,7087,6,0,0,3,28.087244,15.932306,75.4894725,32.1388,-1,0,2
11/9/2016 00:00:00,2016,9,11,6790.3,8371.004,13734.592,12539.2,6416.692,7,0,0,3,21.127283,17.681269,95.86315,71.07106,-1,0,0
12/9/2016 00:00:00,2016,9,12,12817.196,6790.3,8371.004,13734.592,11467.976,1,1,0,3,25.531458,16.544825,95.49446,46.234318,0,0,0
13/9/2016 00:00:00,2016,9,13,14899.9,12817.196,6790.3,8371.004,12132.924,2,1,0,3,26.821802,17.230219,95.0297,45.36706,0,0,0
14/9/2016 00:00:00,2016,9,14,11124.94,14899.9,12817.196,6790.3,14723.976,3,1,0,3,29.499079,16.682795,96.99625,40.204308,0,0,0
15/9/2016 00:00:00,2016,9,15,6391.624,11124.94,14899.9,12817.196,12539.2,4,0,1,3,30.456507,16.543451,83.459816,30.1915,-1,0,2
16/9/2016 00:00:00,2016,9,16,7519.24,6391.624,11124.94,14899.9,13734.592,5,0,1,3,29.932734,18.234186,92.971828,43.091705,-1,0,0
17/9/2016 00:00:00,2016,9,17,6241.468,7519.24,6391.624,11124.94,8371.004,6,0,1,3,21.011683,16.749308,95.0519,63.44503,-1,0,0
18/9/2016 00:00:00,2016,9,18,10861.992,6241.468,7519.24,6391.624,6790.3,7,0,0,3,20.906702,14.928217,96.54908,58.60193,0,0,0
19/9/2016 00:00:00,2016,9,19,11598.772,10861.992,6241.468,7519.24,12817.196,1,1,0,3,22.983545,11.430384,88.7188,33.746597,0,0,2
20/9/2016 00:00:00,2016,9,20,11136.2,11598.772,10861.992,6241.468,14899.9,2,1,0,3,24.620203,13.386408,74.27479,29.510616,0,0,2
21/9/2016 00:00:00,2016,9,21,10699.3,11136.2,11598.772,10861.992,11124.94,3,1,0,3,23.4479,14.151484,82.984215,44.529743,0,0,0
22/9/2016 00:00:00,2016,9,22,12463.528,10699.3,11136.2,11598.772,6391.624,4,1,0,3,24.043207,13.502832,93.17228,47.849533,0,0,0
23/9/2016 00:00:00,2016,9,23,9056.968,12463.528,10699.3,11136.2,7519.24,5,1,0,3,26.478052,13.677973,94.8688,47.958633,0,0,0
24/9/2016 00:00:00,2016,9,24,8068.968,9056.968,12463.528,10699.3,6241.468,6,0,0,3,27.306208,14.975885,102.61343,47.49744,-1,0,0
25/9/2016 00:00:00,2016,9,25,6694.1,8068.968,9056.968,12463.528,10861.992,7,0,0,3,25.513422,15.790247,96.08072,47.842873,-1,0,0
26/9/2016 00:00:00,2016,9,26,10758.1,6694.1,8068.968,9056.968,11598.772,1,1,0,3,23.878138,16.285303,97.76507,61.96231,0,0,0
27/9/2016 00:00:00,2016,9,27,30194.104,10758.1,6694.1,8068.968,11136.2,2,1,0,3,21.4909,10.40603075,95.28212,28.542892,0,0,2
28/9/2016 00:00:00,2016,9,28,17428.86,30194.104,10758.1,6694.1,10699.3,3,1,0,3,19.419184,7.2184386,61.101524,22.900827,0,0,1
29/9/2016 00:00:00,2016,9,29,11689.672,17428.86,30194.104,10758.1,12463.528,4,1,0,3,21.075281,9.435205,71.13231,30.643026,0,0,2
30/9/2016 00:00:00,2016,9,30,3593.7,11689.672,17428.86,30194.104,9056.968,5,1,0,3,23.54745,12.538813,72.99691,38.92385,-1,0,0
1/10/2016 00:00:00,2016,10,1,3172.668,3593.7,11689.672,17428.86,8068.968,6,0,1,3,24.248987,12.146906,90.659454,38.42089,-1,0,0
2/10/2016 00:00:00,2016,10,2,4346.064,3172.668,3593.7,11689.672,6694.1,7,0,1,3,23.50625,14.17782,86.25418,42.593624,-1,0,0
3/10/2016 00:00:00,2016,10,3,7759.872,4346.064,3172.668,3593.7,10758.1,1,0,2,3,28.635645,13.511133,103.39823,26.221895,-1,0,2
4/10/2016 00:00:00,2016,10,4,20362.932,7759.872,4346.064,3172.668,30194.104,2,0,2,3,21.230738,12.482508,87.02027,63.742825,0,0,0
5/10/2016 00:00:00,2016,10,5,2963.96,20362.932,7759.872,4346.064,17428.86,3,0,1,3,23.49154,10.362604,89.91326,24.530104,-1,0,2
6/10/2016 00:00:00,2016,10,6,6267.208,2963.96,20362.932,7759.872,11689.672,4,0,1,3,18.375422,7.89541,95.052015,57.592,-1,0,0
7/10/2016 00:00:00,2016,10,7,9836.592,6267.208,2963.96,20362.932,3593.7,5,0,2,3,15.416224,8.9614355,96.991165,61.756025,0,0,0
8/10/2016 00:00:00,2016,10,8,31512.104,9836.592,6267.208,2963.96,3172.668,6,0,0,3,15.933893,5.47088,63.982388,25.372896,0,0,2
9/10/2016 00:00:00,2016,10,9,8778.296,31512.104,9836.592,6267.208,4346.064,7,0,0,3,16.43664,6.349878,77.07336,33.01866,0,0,1
10/10/2016 00:00:00,2016,10,10,8296.976,8778.296,31512.104,9836.592,7759.872,1,1,0,3,20.207117,4.437616,93.17373,41.577244,-1,0,0
11/10/2016 00:00:00,2016,10,11,11381.424,8296.976,8778.296,31512.104,20362.932,2,1,0,3,20.39239,5.8922973,81.8234,28.278957,0,0,2
12/10/2016 00:00:00,2016,10,12,12646.908,11381.424,8296.976,8778.296,2963.96,3,1,0,3,18.440943,7.276941,98.48106,53.58442,0,0,0
13/10/2016 00:00:00,2016,10,13,10097.328,12646.908,11381.424,8296.976,6267.208,4,1,0,3,23.282068,8.051142,109.1484,43.60678,0,0,0
14/10/2016 00:00:00,2016,10,14,12278.204,10097.328,12646.908,11381.424,9836.592,5,1,0,3,22.981928,9.895594,100.51161,41.136806,0,0,0
15/10/2016 00:00:00,2016,10,15,4985.332,12278.204,10097.328,12646.908,31512.104,6,0,0,3,17.631983,11.471094,99.754385,57.420242,-1,0,0
16/10/2016 00:00:00,2016,10,16,7825.604,4985.332,12278.204,10097.328,8778.296,7,0,0,3,22.038752,11.070429,100.68399,47.352154,-1,0,0
17/10/2016 00:00:00,2016,10,17,11836.9,7825.604,4985.332,12278.204,8296.976,1,1,0,3,20.195642,6.9239745,86.01044,29.066002,0,0,2
18/10/2016 00:00:00,2016,10,18,10329.696,11836.9,7825.604,4985.332,11381.424,2,1,0,3,19.449152,8.389093,101.290794,46.97133,0,0,0
19/10/2016 00:00:00,2016,10,19,10707.7,10329.696,11836.9,7825.604,12646.908,3,1,0,3,24.42071,8.9890995,108.1267,41.796707,0,0,0
20/10/2016 00:00:00,2016,10,20,20999.704,10707.7,10329.696,11836.9,10097.328,4,1,0,3,13.84939,7.916223,100.99761,59.49468,0,0,0
21/10/2016 00:00:00,2016,10,21,11140.024,20999.704,10707.7,10329.696,12278.204,5,1,0,3,10.617823,7.9711547,94.93808,66.41369,0,0,0
22/10/2016 00:00:00,2016,10,22,10043.168,11140.024,20999.704,10707.7,4985.332,6,0,0,3,12.079004,7.56405025,89.419464,42.717113,0,0,1
23/10/2016 00:00:00,2016,10,23,4567.2,10043.168,11140.024,20999.704,7825.604,7,0,0,3,13.491327,5.8965697,70.722145,32.576073,-1,0,1
24/10/2016 00:00:00,2016,10,24,11520.8,4567.2,10043.168,11140.024,11836.9,1,1,0,3,10.964533,5.5924315,80.78502,45.151104,0,0,0
25/10/2016 00:00:00,2016,10,25,11554.932,11520.8,4567.2,10043.168,10329.696,2,1,0,3,20.483973,3.7256713,105.518974,30.98888,0,0,2
26/10/2016 00:00:00,2016,10,26,14892.604,11554.932,11520.8,4567.2,10707.7,3,1,0,3,13.138941,6.105371,77.43745,28.212223,0,0,1
27/10/2016 00:00:00,2016,10,27,11194.464,14892.604,11554.932,11520.8,20999.704,4,1,0,3,10.086267,5.89164115,90.77968,60.309566,0,0,0
28/10/2016 00:00:00,2016,10,28,23213.864,11194.464,14892.604,11554.932,11140.024,5,1,0,3,10.762079,1.8048187,89.026505,23.723536,0,0,1
29/10/2016 00:00:00,2016,10,29,14861.936,23213.864,11194.464,14892.604,10043.168,6,0,0,3,10.865046,0.05791626,77.6100875,27.774275,0,0,1
30/10/2016 00:00:00,2016,10,30,28328.932,14861.936,23213.864,11194.464,4567.2,7,0,0,3,10.117853,0.020623785,93.39565,34.709747,0,0,1
31/10/2016 00:00:00,2016,10,31,33268.708,28328.932,14861.936,23213.864,11520.8,1,1,0,3,5.133142,-4.7284913,61.79646,22.320456,0,0,1
1/11/2016 00:00:00,2016,11,1,11266.632,33268.708,28328.932,14861.936,11554.932,2,1,0,3,7.9428954,-2.0741334,74.17365,27.389416,0,0,1
2/11/2016 00:00:00,2016,11,2,14763.5,11266.632,33268.708,28328.932,14892.604,3,1,0,3,12.816248,-1.3830017,80.369545,23.63503,0,0,1
3/11/2016 00:00:00,2016,11,3,12525.032,14763.5,11266.632,33268.708,11194.464,4,1,0,3,18.184351,1.7380005,83.96967,27.874388,0,0,2
4/11/2016 00:00:00,2016,11,4,12669.4,12525.032,14763.5,11266.632,23213.864,5,1,0,3,18.181726,0.5256592,98.90072,33.096733,0,0,2
5/11/2016 00:00:00,2016,11,5,11317.596,12669.4,12525.032,14763.5,14861.936,6,0,0,3,15.299585,2.9098144,91.64056,40.99041,0,0,0
6/11/2016 00:00:00,2016,11,6,5144.168,11317.596,12669.4,12525.032,28328.932,7,0,0,3,7.96438,2.0917296,82.75613,46.931484,-1,0,1
7/11/2016 00:00:00,2016,11,7,20965.496,5144.168,11317.596,12669.4,33268.708,1,1,0,3,10.570642,0.55782473,89.67846,30.236483,0,0,1
8/11/2016 00:00:00,2016,11,8,12994.844,20965.496,5144.168,11317.596,11266.632,2,1,0,3,11.711023,-1.2577881,72.10949,28.822193,0,0,1
9/11/2016 00:00:00,2016,11,9,12199.96,12994.844,20965.496,5144.168,14763.5,3,1,0,3,8.141077,-3.2377687,94.841286,49.870285,0,0,1
10/11/2016 00:00:00,2016,11,10,10867.132,12199.96,12994.844,20965.496,12525.032,4,1,0,3,11.001551,-0.27084962,106.40265,33.47883,0,0,1
11/11/2016 00:00:00,2016,11,11,11338.24,10867.132,12199.96,12994.844,12669.4,5,1,0,3,12.500147,-0.12247314,72.23442,31.975048,0,0,1
12/11/2016 00:00:00,2016,11,12,9627.768,11338.24,10867.132,12199.96,11317.596,6,0,0,3,11.347742,1.1214234,77.752375,29.861952,0,0,1
13/11/2016 00:00:00,2016,11,13,6829.224,9627.768,11338.24,10867.132,5144.168,7,0,0,3,12.433985,0.30812988,104.812904,52.457863,-1,0,0
14/11/2016 00:00:00,2016,11,14,37476.172,6829.224,9627.768,11338.24,20965.496,1,1,0,3,10.436914,0.3323761,96.38329,19.263985,0,0,1
15/11/2016 00:00:00,2016,11,15,11035.704,37476.172,6829.224,9627.768,12994.844,2,1,0,3,8.105097,-1.5838989,72.095855,34.30902,0,0,1
16/11/2016 00:00:00,2016,11,16,10552,11035.704,37476.172,6829.224,12199.96,3,1,0,3,13.040552,-0.5032104,90.48896,42.25274,0,0,0
17/11/2016 00:00:00,2016,11,17,11092.532,10552,11035.704,37476.172,10867.132,4,1,0,3,6.730554,1.0448548,98.587475,57.687508,0,0,0
18/11/2016 00:00:00,2016,11,18,11133.1,11092.532,10552,11035.704,11338.24,5,1,0,3,7.926355,1.6829773,107.55499,68.55281,0,0,0
19/11/2016 00:00:00,2016,11,19,8972.4,11133.1,11092.532,10552,9627.768,6,0,0,3,14.007105,3.0516295,101.76228,25.490936,0,0,1
20/11/2016 00:00:00,2016,11,20,5391.1,8972.4,11133.1,11092.532,6829.224,7,0,0,3,4.133203,-1.297918675,94.4375,70.08403,-1,0,0
21/11/2016 00:00:00,2016,11,21,43195.292,5391.1,8972.4,11133.1,37476.172,1,1,0,3,-1.2631592,-8.2488765,86.87996,36.017742,1,0,1
22/11/2016 00:00:00,2016,11,22,40114.708,43195.292,5391.1,8972.4,11035.704,2,1,0,3,-0.32456055,-9.378576,58.92333,36.15312,1,0,1
23/11/2016 00:00:00,2016,11,23,12635,40114.708,43195.292,5391.1,10552,3,1,0,3,1.7971436,-7.659949,66.85429,31.33346,0,0,1
24/11/2016 00:00:00,2016,11,24,11142.724,12635,40114.708,43195.292,11092.532,4,1,0,3,3.9771972,-7.540442,77.64784,33.31724,0,0,1
25/11/2016 00:00:00,2016,11,25,11524.2,11142.724,12635,40114.708,11133.1,5,1,0,3,4.9410644,-6.655005,76.21665,32.698837,0,0,1
26/11/2016 00:00:00,2016,11,26,7052.168,11524.2,11142.724,12635,8972.4,6,0,0,3,7.259027,-4.142859,82.911835,31.454971,-1,0,1
27/11/2016 00:00:00,2016,11,27,8838.7,7052.168,11524.2,11142.724,5391.1,7,0,0,3,5.2212157,-3.6830812,67.07008,30.570932,0,0,1
28/11/2016 00:00:00,2016,11,28,10158.568,8838.7,7052.168,11524.2,43195.292,1,1,0,3,8.509729,-4.0868287,71.8779675,33.96256,0,0,1
29/11/2016 00:00:00,2016,11,29,11964.8,10158.568,8838.7,7052.168,40114.708,2,1,0,3,1.2212158,-2.6577516,94.899445,56.672577,0,0,1
30/11/2016 00:00:00,2016,11,30,12666.7,11964.8,10158.568,8838.7,12635,3,1,0,3,8.756556,-2.0192628,100.06394,38.247234,0,0,1
1/12/2016 00:00:00,2016,12,1,9613.768,12666.7,11964.8,10158.568,11142.724,4,1,0,4,6.398401,-1.9566101,67.21109,28.064568,0,0,1
2/12/2016 00:00:00,2016,12,2,10892.4,9613.768,12666.7,11964.8,11524.2,5,1,0,4,9.939814,-3.9899354,74.236664,34.775578,0,0,1
3/12/2016 00:00:00,2016,12,3,5865.368,10892.4,9613.768,12666.7,7052.168,6,0,0,4,8.204126,-0.29312745,84.38195,42.678093,-1,0,1
4/12/2016 00:00:00,2016,12,4,4879.2,5865.368,10892.4,9613.768,8838.7,7,0,0,4,8.188196,-0.9250244,90.40795,36.313408,-1,0,1
5/12/2016 00:00:00,2016,12,5,15794.368,4879.2,5865.368,10892.4,10158.568,1,1,0,4,3.4585814,-1.2635101,77.78731,25.195889,0,0,1
6/12/2016 00:00:00,2016,12,6,10400.2,15794.368,4879.2,5865.368,11964.8,2,1,0,4,7.134546,-4.744971,70.342865,34.053307,0,0,1
7/12/2016 00:00:00,2016,12,7,8782.768,10400.2,15794.368,4879.2,12666.7,3,1,0,4,7.4690795,-2.509253,74.593864,34.947983,0,0,1
8/12/2016 00:00:00,2016,12,8,16655.4,8782.768,10400.2,15794.368,9613.768,4,1,0,4,5.7597594,-2.57622385,78.94252,31.81232,0,0,1
9/12/2016 00:00:00,2016,12,9,13939.032,16655.4,8782.768,10400.2,10892.4,5,1,0,4,3.27218,-5.2654176,66.18234,26.34514,0,0,1
10/12/2016 00:00:00,2016,12,10,7349,13939.032,16655.4,8782.768,5865.368,6,0,0,4,3.6353393,-6.37168,67.10158,26.752302,-1,0,1
11/12/2016 00:00:00,2016,12,11,5408.3,7349,13939.032,16655.4,4879.2,7,0,0,4,2.5409179,-5.153479,86.00211,54.86104,-1,0,0
12/12/2016 00:00:00,2016,12,12,11148.66,5408.3,7349,13939.032,15794.368,1,1,0,4,4.3048034,-3.7016053,93.48202,56.303947,0,0,0
13/12/2016 00:00:00,2016,12,13,12815.588,11148.66,5408.3,7349,10400.2,2,1,0,4,1.928186,-5.6085877,76.72451,31.007822,0,0,1
14/12/2016 00:00:00,2016,12,14,15521.12,12815.588,11148.66,5408.3,8782.768,3,1,0,4,2.2109618,-9.47135,70.82005,28.872915,0,0,1
15/12/2016 00:00:00,2016,12,15,21479.324,15521.12,12815.588,11148.66,16655.4,4,1,0,4,2.711969,-6.169501,74.81124,31.205776,0,0,1
16/12/2016 00:00:00,2016,12,16,9461.5,21479.324,15521.12,12815.588,13939.032,5,1,0,4,7.4484496,-7.2750306,76.90676,28.684752,0,0,1
17/12/2016 00:00:00,2016,12,17,7031.064,9461.5,21479.324,15521.12,7349,6,0,0,4,4.9635863,-4.1907716,79.04313,38.653004,-1,0,1
18/12/2016 00:00:00,2016,12,18,6506.804,7031.064,9461.5,21479.324,5408.3,7,0,0,4,6.881311,-2.6824098,79.41791,40.56301,-1,0,1
19/12/2016 00:00:00,2016,12,19,9449.768,6506.804,7031.064,9461.5,11148.66,1,1,0,4,8.265741,-2.6391358,78.24323,37.820515,0,0,1
20/12/2016 00:00:00,2016,12,20,10312.4,9449.768,6506.804,7031.064,12815.588,2,1,0,4,4.455316,0.23616943,70.09628,43.895546,0,0,1
21/12/2016 00:00:00,2016,12,21,10134.1,10312.4,9449.768,6506.804,15521.12,3,1,0,4,4.4255614,-1.5854248,81.83003,47.237366,0,0,1
22/12/2016 00:00:00,2016,12,22,35680.172,10134.1,10312.4,9449.768,21479.324,4,1,0,4,2.820703,-5.0183625,78.35946,32.62238,0,0,1
23/12/2016 00:00:00,2016,12,23,11432.668,35680.172,10134.1,10312.4,9461.5,5,1,0,4,2.9739013,-8.126867,77.5007275,33.383347,0,0,1
24/12/2016 00:00:00,2016,12,24,6225.84,11432.668,35680.172,10134.1,7031.064,6,0,0,4,1.6671082,-5.875281,91.79105,47.353764,-1,0,1
25/12/2016 00:00:00,2016,12,25,6272,6225.84,11432.668,35680.172,6506.804,7,0,0,4,2.5350585,-4.4049745,83.81105,52.74813,-1,0,0
26/12/2016 00:00:00,2016,12,26,9376.136,6272,6225.84,11432.668,9449.768,1,1,0,4,1.5741211,-2.85074475,78.98932,28.494226,0,0,1
27/12/2016 00:00:00,2016,12,27,9347.608,9376.136,6272,6225.84,10312.4,2,1,0,4,0.80596316,-7.7325196,78.371918,30.99392,0,0,1
28/12/2016 00:00:00,2016,12,28,19563.184,9347.608,9376.136,6272,10134.1,3,1,0,4,0.82518923,-8.939856,79.6178,26.759653,0,0,1
29/12/2016 00:00:00,2016,12,29,10483.408,19563.184,9347.608,9376.136,35680.172,4,1,0,4,1.8769165,-11.574377,68.95391,24.174833,0,0,1
30/12/2016 00:00:00,2016,12,30,8618.84,10483.408,19563.184,9347.608,11432.668,5,1,0,4,1.9726502,-10.464514,77.12738,34.297844,-1,0,1
31/12/2016 00:00:00,2016,12,31,5986.16,8618.84,10483.408,19563.184,6225.84,6,0,1,4,6.1148925,-7.617865,86.13219,35.618,-1,0,1
1/1/2017 00:00:00,2017,1,1,6056.8,5986.16,8618.84,10483.408,6272,7,0,1,4,7.281915,-6.3526673,91.0395,38.75437,-1,0,1
2/1/2017 00:00:00,2017,1,2,7677.736,6056.8,5986.16,8618.84,9376.136,1,0,1,4,6.629602,-6.79563,77.03394,32.349243,-1,0,1
3/1/2017 00:00:00,2017,1,3,9382.42,7677.736,6056.8,5986.16,9347.608,2,1,0,4,8.683954,-5.4666505,87.4607,33.122696,0,0,1
4/1/2017 00:00:00,2017,1,4,10711.842,9382.42,7677.736,6056.8,19563.184,3,1,0,4,5.041742,-3.2349,89.72198,40.997623,0,0,1
5/1/2017 00:00:00,2017,1,5,10021.3,10711.842,9382.42,7677.736,10483.408,4,1,0,4,0.9936768,-2.4020448,91.3899,58.44367,0,0,1
6/1/2017 00:00:00,2017,1,6,11333.7,10021.3,10711.842,9382.42,8618.84,5,1,0,4,3.0642333,-3.2692323,91.387615,60.498726,0,0,0
7/1/2017 00:00:00,2017,1,7,6270.456,11333.7,10021.3,10711.842,5986.16,6,0,0,4,0.8156067,-2.1461243,96.043724,81.08223,-1,0,0
8/1/2017 00:00:00,2017,1,8,13799.948,6270.456,11333.7,10021.3,6056.8,7,0,0,4,5.245355,-5.5220094,84.86305,37.532547,0,0,1
9/1/2017 00:00:00,2017,1,9,24716.088,13799.948,6270.456,11333.7,7677.736,1,1,0,4,2.7911925,-7.2718873,72.61207,30.494692,0,0,1
10/1/2017 00:00:00,2017,1,10,18160.212,24716.088,13799.948,6270.456,9382.42,2,1,0,4,1.4244019,-8.049231,64.45323,25.080061,0,0,1
11/1/2017 00:00:00,2017,1,11,10407.184,18160.212,24716.088,13799.948,10711.842,3,1,0,4,4.8893065,-8.926794,71.29783,29.27822,0,0,1
12/1/2017 00:00:00,2017,1,12,16467.908,10407.184,18160.212,24716.088,10021.3,4,1,0,4,4.208795,-8.300756,74.80165,30.834879,0,0,1
13/1/2017 00:00:00,2017,1,13,32167.264,16467.908,10407.184,18160.212,11333.7,5,1,0,4,0.8664795,-9.500097,64.314255,22.597635,0,0,1
14/1/2017 00:00:00,2017,1,14,9382.856,32167.264,16467.908,10407.184,6270.456,6,0,0,4,-0.56488645,-12.639746,83.19022,27.676767,0,0,1
15/1/2017 00:00:00,2017,1,15,6918.64,9382.856,32167.264,16467.908,13799.948,7,0,0,4,-1.8463196,-9.263464,96.379875,59.696,-1,0,1
16/1/2017 00:00:00,2017,1,16,10981.036,6918.64,9382.856,32167.264,24716.088,1,1,0,4,-1.4446167,-9.069006,100.69906,55.900322,0,0,1
17/1/2017 00:00:00,2017,1,17,11461.286,10981.036,6918.64,9382.856,18160.212,2,1,0,4,2.3750854,-9.530951,102.63352,31.446653,0,0,1
18/1/2017 00:00:00,2017,1,18,10952.6,11461.286,10981.036,6918.64,10407.184,3,1,0,4,0.15853271,-11.413824,74.455055,31.747091,0,0,1
19/1/2017 00:00:00,2017,1,19,37633.476,10952.6,11461.286,10981.036,16467.908,4,1,0,4,-2.6617188,-10.633276,89.11332,30.407782,0,0,1
20/1/2017 00:00:00,2017,1,20,10601.224,37633.476,10952.6,11461.286,32167.264,5,1,0,4,-1.221289,-12.969061,67.32786,26.443457,0,0,1
21/1/2017 00:00:00,2017,1,21,6037.1,10601.224,37633.476,10952.6,9382.856,6,0,0,4,-2.669104,-11.172644,68.101746,25.453829,-1,0,1
22/1/2017 00:00:00,2017,1,22,7267.82,6037.1,10601.224,37633.476,6918.64,7,0,0,4,-1.0177063,-13.352148,71.37583,27.80773,-1,0,1
23/1/2017 00:00:00,2017,1,23,5520.908,7267.82,6037.1,10601.224,10981.036,1,1,0,4,-0.56421506,-12.313452,69.503365,31.043692,-1,0,1
24/1/2017 00:00:00,2017,1,24,3337.712,5520.908,7267.82,6037.1,11461.286,2,1,0,4,2.08645,-10.887854,73.134155,29.068329,-1,0,1
25/1/2017 00:00:00,2017,1,25,3290.5,3337.712,5520.908,7267.82,10952.6,3,1,0,4,2.1509337,-7.23548,83.2405,39.3208,-1,0,1
26/1/2017 00:00:00,2017,1,26,22395.388,3290.5,3337.712,5520.908,37633.476,4,1,0,4,6.727197,-4.4728762,83.096016,29.202082,0,0,1
27/1/2017 00:00:00,2017,1,27,11846.056,22395.388,3290.5,3337.712,10601.224,5,0,2,4,2.4435058,-8.541296,72.82519,28.438824,0,0,1
28/1/2017 00:00:00,2017,1,28,3272.868,11846.056,22395.388,3290.5,6037.1,6,0,1,4,1.0055176,-6.5657716,89.053055,48.017357,-1,0,1
29/1/2017 00:00:00,2017,1,29,48466.22,3272.868,11846.056,22395.388,7267.82,7,0,2,4,-0.6146301,-9.361654,64.56662,29.587324,1,0,1
30/1/2017 00:00:00,2017,1,30,8691.272,48466.22,3272.868,11846.056,5520.908,1,0,1,4,-0.25940552,-12.849676,62.49667,19.438072,-1,0,1
31/1/2017 00:00:00,2017,1,31,6491.624,8691.272,48466.22,3272.868,3337.712,2,0,1,4,4.3518004,-6.0382447,64.55882,20.792564,-1,0,1
1/2/2017 00:00:00,2017,2,1,15106.844,6491.624,8691.272,48466.22,3290.5,3,0,2,4,3.3245482,-9.7921505,59.21784,17.75751,0,0,1
2/2/2017 00:00:00,2017,2,2,3324.188,15106.844,6491.624,8691.272,22395.388,4,0,1,4,5.4320006,-7.2707887,62.873356,24.066908,-1,0,1
3/2/2017 00:00:00,2017,2,3,7850.94,3324.188,15106.844,6491.624,11846.056,5,1,0,4,5.3980346,-3.8254762,67.93019,35.11942,-1,0,1
4/2/2017 00:00:00,2017,2,4,11844.92,7850.94,3324.188,15106.844,3272.868,6,0,0,4,8.677698,-1.3395141,84.37405,32.56002,0,0,1
5/2/2017 00:00:00,2017,2,5,16884.924,11844.92,7850.94,3324.188,48466.22,7,0,0,4,7.4153686,-4.4884095,64.48523,21.901081,0,0,1
6/2/2017 00:00:00,2017,2,6,15467.54,16884.924,11844.92,7850.94,8691.272,1,1,0,4,1.9144837,-4.162482,62.307507,28.073275,0,0,1
7/2/2017 00:00:00,2017,2,7,9281.272,15467.54,16884.924,11844.92,6491.624,2,1,0,4,0.31746826,-2.3364625,68.40844,43.28442,0,0,1
8/2/2017 00:00:00,2017,2,8,39346.4,9281.272,15467.54,16884.924,15106.844,3,1,0,4,1.493982,-6.37987365,73.826355,22.321054,0,0,1
9/2/2017 00:00:00,2017,2,9,49710.052,39346.4,9281.272,15467.54,3324.188,4,1,0,4,-0.02866211,-9.0994625,52.970497,23.834614,1,0,1
10/2/2017 00:00:00,2017,2,10,45876.3,49710.052,39346.4,9281.272,7850.94,5,1,0,4,2.7127624,-8.687841,53.3228635,21.668873,1,0,1
11/2/2017 00:00:00,2017,2,11,5963.972,45876.3,49710.052,39346.4,11844.92,6,0,0,4,8.360743,-7.712378,59.245064,21.368502,-1,0,1
12/2/2017 00:00:00,2017,2,12,5645.104,5963.972,45876.3,49710.052,16884.924,7,0,0,4,9.516596,-5.080603,64.345985,22.258797,-1,0,1
13/2/2017 00:00:00,2017,2,13,12692.56,5645.104,5963.972,45876.3,15467.54,1,1,0,4,9.308741,-3.4783692,62.92718,21.834455,0,0,1
14/2/2017 00:00:00,2017,2,14,10811.408,12692.56,5645.104,5963.972,9281.272,2,1,0,4,4.907373,-3.502356,90.74184,43.910427,0,0,1
15/2/2017 00:00:00,2017,2,15,9396.608,10811.408,12692.56,5645.104,39346.4,3,1,0,4,7.3473144,-1.5283569,84.18129,45.194332,0,0,1
16/2/2017 00:00:00,2017,2,16,36656.116,9396.608,10811.408,12692.56,49710.052,4,1,0,4,6.271814,-2.8682618,83.15118,27.09442,0,0,1
17/2/2017 00:00:00,2017,2,17,15172.092,36656.116,9396.608,10811.408,45876.3,5,1,0,4,4.9831786,-5.04682,61.792786,18.293156,0,0,1
18/2/2017 00:00:00,2017,2,18,7393.988,15172.092,36656.116,9396.608,5963.972,6,0,0,4,9.482904,-3.5347657,79.71639,19.749207,-1,0,1
19/2/2017 00:00:00,2017,2,19,35390.652,7393.988,15172.092,36656.116,5645.104,7,0,0,4,12.001429,-2.5216126,90.8747,21.39439,0,0,1
20/2/2017 00:00:00,2017,2,20,11438.152,35390.652,7393.988,15172.092,12692.56,1,1,0,4,4.0439086,-5.9917054,54.336926,18.613087,0,0,1
21/2/2017 00:00:00,2017,2,21,10585.228,11438.152,35390.652,7393.988,10811.408,2,1,0,4,-0.5723022,-3.9714112,86.61472,41.907948,0,0,1
22/2/2017 00:00:00,2017,2,22,20393.916,10585.228,11438.152,35390.652,9396.608,3,1,0,4,6.616449,-4.6086793,91.28454,32.3541,0,0,1
23/2/2017 00:00:00,2017,2,23,14050.956,20393.916,10585.228,11438.152,36656.116,4,1,0,4,6.99978,-5.239325,63.17248,24.693415,0,0,1
24/2/2017 00:00:00,2017,2,24,12875.112,14050.956,20393.916,10585.228,15172.092,5,1,0,4,8.776148,-3.7067933,60.269525,25.14053,0,0,1
25/2/2017 00:00:00,2017,2,25,14134.748,12875.112,14050.956,20393.916,7393.988,6,0,0,4,10.517725,-2.8378663,64.957825,27.282236,0,0,1
26/2/2017 00:00:00,2017,2,26,9349.944,14134.748,12875.112,14050.956,35390.652,7,0,0,4,11.432032,-2.3454652,71.43838,25.992168,0,0,1
27/2/2017 00:00:00,2017,2,27,11891.248,9349.944,14134.748,12875.112,11438.152,1,1,0,4,14.447596,-0.7875427,71.99645,20.241285,0,0,2
28/2/2017 00:00:00,2017,2,28,16451.888,11891.248,9349.944,14134.748,10585.228,2,1,0,4,13.367945,-0.1331543,64.09197,18.689117,0,0,1
1/3/2017 00:00:00,2017,3,1,53215.14,16451.888,11891.248,9349.944,20393.916,3,1,0,1,4.991632,-2.5805116,67.15351,18.08248,1,0,1
2/3/2017 00:00:00,2017,3,2,16987.58,53215.14,16451.888,11891.248,14050.956,4,1,0,1,15.206812,-2.9133363,55.299828,18.228031,0,0,1
3/3/2017 00:00:00,2017,3,3,14012.576,16987.58,53215.14,16451.888,12875.112,5,1,0,1,13.467218,-0.9708618,80.12731,24.355251,0,0,1
4/3/2017 00:00:00,2017,3,4,5768.86,14012.576,16987.58,53215.14,14134.748,6,0,0,1,12.679346,-1.8597168,88.1756,24.838593,-1,0,1
5/3/2017 00:00:00,2017,3,5,21599.488,5768.86,14012.576,16987.58,9349.944,7,0,0,1,7.2581725,-0.460989385,62.508686,20.260494,0,0,1
6/3/2017 00:00:00,2017,3,6,25667.712,21599.488,5768.86,14012.576,11891.248,1,1,0,1,7.4294066,-3.1248536,56.872288,20.802376,0,0,1
7/3/2017 00:00:00,2017,3,7,26090.948,25667.712,21599.488,5768.86,16451.888,2,1,0,1,6.186273,-5.623694,49.1946,19.648945,0,0,1
8/3/2017 00:00:00,2017,3,8,8585.9,26090.948,25667.712,21599.488,53215.14,3,1,0,1,10.976343,-2.1631532,52.07279,17.297777,-1,0,1
9/3/2017 00:00:00,2017,3,9,9464.96,8585.9,26090.948,25667.712,16987.58,4,1,0,1,14.870996,-1.1815552,51.32087,15.14608,0,0,2
10/3/2017 00:00:00,2017,3,10,14396.828,9464.96,8585.9,26090.948,14012.576,5,1,0,1,17.192072,0.3414856,57.23414,13.98897,0,0,2
11/3/2017 00:00:00,2017,3,11,14343.216,14396.828,9464.96,8585.9,5768.86,6,0,0,1,17.606195,3.65154405,52.78509,16.644056,0,0,2
12/3/2017 00:00:00,2017,3,12,25243.068,14343.216,14396.828,9464.96,21599.488,7,0,0,1,11.140375,-1.433844,64.04538,13.2223835,0,0,1
13/3/2017 00:00:00,2017,3,13,11821.568,25243.068,14343.216,14396.828,25667.712,1,1,0,1,13.334772,-1.5532593,54.61469,15.943009,0,0,1
14/3/2017 00:00:00,2017,3,14,9554.252,11821.568,25243.068,14343.216,26090.948,2,1,0,1,15.102442,-0.3175415,56.165028,15.1034,0,0,2
15/3/2017 00:00:00,2017,3,15,10133.864,9554.252,11821.568,25243.068,8585.9,3,1,0,1,13.7008,-3.1137452,108.985794,21.140804,0,0,1
16/3/2017 00:00:00,2017,3,16,11830.164,10133.864,9554.252,11821.568,9464.96,4,1,0,1,14.534632,-0.77841794,83.955315,22.480185,0,0,2
17/3/2017 00:00:00,2017,3,17,9853.08,11830.164,10133.864,9554.252,14396.828,5,1,0,1,14.387476,4.44964,75.553913,38.40549,0,0,1
18/3/2017 00:00:00,2017,3,18,5729.368,9853.08,11830.164,10133.864,14343.216,6,0,0,1,16.45962,3.2853942,82.92244,27.891893,-1,0,2
19/3/2017 00:00:00,2017,3,19,5094.392,5729.368,9853.08,11830.164,25243.068,7,0,0,1,15.611841,3.3386474,90.79448,37.68527,-1,0,0
20/3/2017 00:00:00,2017,3,20,7105.172,5094.392,5729.368,9853.08,11821.568,1,1,0,1,9.180323,3.16097405,82.46466,44.210896,-1,0,0
21/3/2017 00:00:00,2017,3,21,6908.1,7105.172,5094.392,5729.368,9554.252,2,1,0,1,13.6817875,1.5036865,92.192924,27.044249,-1,0,1
22/3/2017 00:00:00,2017,3,22,8401.22,6908.1,7105.172,5094.392,10133.864,3,1,0,1,11.518457,1.8892456,90.05749,38.208836,-1,0,1
23/3/2017 00:00:00,2017,3,23,9812.984,8401.22,6908.1,7105.172,11830.164,4,1,0,1,7.320947,1.8260284,89.97624,49.614086,0,0,0
24/3/2017 00:00:00,2017,3,24,8424.8,9812.984,8401.22,6908.1,9853.08,5,1,0,1,3.9721618,-0.59161985,93.44863,68.24414,-1,0,0
25/3/2017 00:00:00,2017,3,25,13074.428,8424.8,9812.984,8401.22,5729.368,6,0,0,1,11.235926,-0.40073243,93.326256,38.364674,0,0,1
26/3/2017 00:00:00,2017,3,26,29488.164,13074.428,8424.8,9812.984,5094.392,7,0,0,1,10.988062,1.2648255,58.8055215,22.907856,0,0,1
27/3/2017 00:00:00,2017,3,27,9428.684,29488.164,13074.428,8424.8,7105.172,1,1,0,1,13.478846,-0.7191223,63.042187,17.288603,0,0,1
28/3/2017 00:00:00,2017,3,28,8451.496,9428.684,29488.164,13074.428,6908.1,2,1,0,1,15.392572,4.469629,61.139137,24.90346,-1,0,2
29/3/2017 00:00:00,2017,3,29,10507.756,8451.496,9428.684,29488.164,8401.22,3,1,0,1,19.799585,4.679895,58.819134,20.682962,0,0,2
30/3/2017 00:00:00,2017,3,30,13023.708,10507.756,8451.496,9428.684,9812.984,4,1,0,1,15.478785,5.5684447,70.492455,25.007635,0,0,2
31/3/2017 00:00:00,2017,3,31,14168.764,13023.708,10507.756,8451.496,8424.8,5,1,0,1,17.003504,2.4899535,71.00349,15.608655,0,0,2
1/4/2017 00:00:00,2017,4,1,13539.164,14168.764,13023.708,10507.756,13074.428,6,0,0,1,22.33349,3.1761718,66.08358,11.779167,0,0,2
2/4/2017 00:00:00,2017,4,2,4339.872,13539.164,14168.764,13023.708,29488.164,7,0,1,1,22.715754,4.51864,68.8466,13.815675,-1,0,2
3/4/2017 00:00:00,2017,4,3,8575.488,4339.872,13539.164,14168.764,9428.684,1,0,2,1,23.7893,7.067926,66.131454,17.006252,-1,0,2
4/4/2017 00:00:00,2017,4,4,4695.98,8575.488,4339.872,13539.164,8451.496,2,0,1,1,17.518915,11.949762,75.61473,47.749043,-1,0,0
5/4/2017 00:00:00,2017,4,5,8732.796,4695.98,8575.488,4339.872,10507.756,3,1,0,1,18.37826,8.914759,93.826365,45.881386,0,0,0
6/4/2017 00:00:00,2017,4,6,15332.18,8732.796,4695.98,8575.488,13023.708,4,1,0,1,24.570093,6.370477,101.18508,21.354645,0,0,2
7/4/2017 00:00:00,2017,4,7,11939.432,15332.18,8732.796,4695.98,14168.764,5,1,0,1,20.88943,8.488184,92.28876,38.49858,0,0,0
8/4/2017 00:00:00,2017,4,8,7525.328,11939.432,15332.18,8732.796,13539.164,6,0,0,1,16.826288,9.848719,74.8621,20.496408,-1,0,2
9/4/2017 00:00:00,2017,4,9,4917.14,7525.328,11939.432,15332.18,4339.872,7,0,0,1,17.250452,6.505548,59.207867,14.902696,-1,0,2
10/4/2017 00:00:00,2017,4,10,9744.804,4917.14,7525.328,11939.432,8575.488,1,1,0,1,18.933313,7.1354003,66.36535,29.609905,0,0,2
11/4/2017 00:00:00,2017,4,11,23399.036,9744.804,4917.14,7525.328,4695.98,2,1,0,1,19.635004,6.3647704,57.22388,8.959846,0,0,2
12/4/2017 00:00:00,2017,4,12,16436.076,23399.036,9744.804,4917.14,8732.796,3,1,0,1,24.20077,8.075159,46.035489,10.693098,0,0,2
13/4/2017 00:00:00,2017,4,13,9352.1,16436.076,23399.036,9744.804,15332.18,4,1,0,1,19.209436,7.2116637,67.6429,20.487019,0,0,2
14/4/2017 00:00:00,2017,4,14,12898.14,9352.1,16436.076,23399.036,11939.432,5,1,0,1,27.56225,7.5552,75.64282,9.446579,0,0,2
15/4/2017 00:00:00,2017,4,15,4844.368,12898.14,9352.1,16436.076,7525.328,6,0,0,1,29.50921,11.168207,39.33982,7.98615,-1,0,2
16/4/2017 00:00:00,2017,4,16,5797.98,4844.368,12898.14,9352.1,4917.14,7,0,0,1,22.428064,13.120615,70.6485,20.01169,-1,0,2
17/4/2017 00:00:00,2017,4,17,17990.212,5797.98,4844.368,12898.14,9744.804,1,1,0,1,26.359827,9.378534,75.24106,12.90684,0,0,2
18/4/2017 00:00:00,2017,4,18,40059.784,17990.212,5797.98,4844.368,23399.036,2,1,0,1,20.158594,6.8903747,35.82614,13.229337,1,0,2
19/4/2017 00:00:00,2017,4,19,9457.728,40059.784,17990.212,5797.98,16436.076,3,1,0,1,18.633112,8.3615965,51.746437,13.621356,0,0,1
20/4/2017 00:00:00,2017,4,20,11880.16,9457.728,40059.784,17990.212,9352.1,4,1,0,1,21.787897,4.4690795,46.3881055,10.929689,0,0,2
21/4/2017 00:00:00,2017,4,21,16449.612,11880.16,9457.728,40059.784,12898.14,5,1,0,1,20.94314,7.867639,51.003887,15.311968,0,0,2
22/4/2017 00:00:00,2017,4,22,41457.22,16449.612,11880.16,9457.728,4844.368,6,0,0,1,26.879328,6.922876,41.165203,7.90821,1,0,2
23/4/2017 00:00:00,2017,4,23,17776.824,41457.22,16449.612,11880.16,5797.98,7,0,0,1,24.14602,8.915613,47.2689955,11.566419,0,0,2
24/4/2017 00:00:00,2017,4,24,38479.352,17776.824,41457.22,16449.612,17990.212,1,1,0,1,21.566156,7.539972,55.542915,6.1482797,0,0,2
25/4/2017 00:00:00,2017,4,25,15969.46,38479.352,17776.824,41457.22,40059.784,2,1,0,1,20.468897,5.784021,37.625332,11.176971,0,0,1
26/4/2017 00:00:00,2017,4,26,21754.08,15969.46,38479.352,17776.824,9457.728,3,1,0,1,22.124628,6.8178344,38.94603,10.2311735,0,0,2
27/4/2017 00:00:00,2017,4,27,21412.664,21754.08,15969.46,38479.352,11880.16,4,1,0,1,27.198023,8.533686,31.868326,7.4204597,0,0,2
28/4/2017 00:00:00,2017,4,28,13861.608,21412.664,21754.08,15969.46,16449.612,5,1,0,1,30.704096,11.769678,31.299295,11.209511,0,0,2
29/4/2017 00:00:00,2017,4,29,19473.808,13861.608,21412.664,21754.08,41457.22,6,0,2,1,34.511955,16.394556,36.662758,7.287972,0,0,2
30/4/2017 00:00:00,2017,4,30,3620.6,19473.808,13861.608,21412.664,17776.824,7,0,1,1,28.859308,15.448633,36.61542,7.8986707,-1,0,2
1/5/2017 00:00:00,2017,5,1,3838.3,3620.6,19473.808,13861.608,38479.352,1,0,1,1,27.268335,14.322474,28.492405,10.473732,-1,0,2
2/5/2017 00:00:00,2017,5,2,8889.2,3838.3,3620.6,19473.808,15969.46,2,1,0,1,28.364313,15.002771,51.530339,19.401037,0,0,2
3/5/2017 00:00:00,2017,5,3,12733.52,8889.2,3838.3,3620.6,21754.08,3,1,0,1,25.612268,15.409174,70.615352,24.221994,0,0,2
4/5/2017 00:00:00,2017,5,4,16838.668,12733.52,8889.2,3838.3,21412.664,4,1,0,1,24.479456,12.703089,73.98016,8.04055,0,0,2
5/5/2017 00:00:00,2017,5,5,44727.116,16838.668,12733.52,8889.2,13861.608,5,1,0,1,18.92306,12.232416,37.64594,7.7230444,1,0,2
6/5/2017 00:00:00,2017,5,6,27479.58,44727.116,16838.668,12733.52,19473.808,6,0,0,1,27.74206,10.585016,41.849754,11.146512,0,0,2
7/5/2017 00:00:00,2017,5,7,11545.312,27479.58,44727.116,16838.668,3620.6,7,0,0,1,31.807337,11.820154,39.824856,7.395361,0,0,2
8/5/2017 00:00:00,2017,5,8,10968.3,11545.312,27479.58,44727.116,3838.3,1,1,0,1,29.854456,17.41842,30.84839,9.572483,0,0,2
9/5/2017 00:00:00,2017,5,9,15498.86,10968.3,11545.312,27479.58,8889.2,2,1,0,1,27.767572,15.186731,60.570568,19.881006,0,0,2
10/5/2017 00:00:00,2017,5,10,13883.692,15498.86,10968.3,11545.312,12733.52,3,1,0,1,30.04336,13.233393,75.27192,9.340835,0,0,2
11/5/2017 00:00:00,2017,5,11,30237.572,13883.692,15498.86,10968.3,16838.668,4,1,0,1,28.396265,13.490122,31.695963,6.503136,0,0,2
12/5/2017 00:00:00,2017,5,12,25384.408,30237.572,13883.692,15498.86,44727.116,5,1,0,1,32.59292,11.17251,32.096767,7.04111,0,0,2
13/5/2017 00:00:00,2017,5,13,28962.744,25384.408,30237.572,13883.692,27479.58,6,0,0,1,27.599237,11.963587,36.171356,14.062695,0,0,2
14/5/2017 00:00:00,2017,5,14,4617.4,28962.744,25384.408,30237.572,11545.312,7,0,0,1,28.12649,13.4769535,46.380413,9.696573,-1,1,2
15/5/2017 00:00:00,2017,5,15,13066.924,4617.4,28962.744,25384.408,10968.3,1,1,0,1,27.414331,12.541712,38.32497,11.906249,0,0,2
16/5/2017 00:00:00,2017,5,16,13606.148,13066.924,4617.4,28962.744,15498.86,2,1,0,1,32.815544,16.007013,36.87844,9.366036,0,0,2
17/5/2017 00:00:00,2017,5,17,11230.072,13606.148,13066.924,4617.4,13883.692,3,1,0,1,32.698936,14.374659,61.188866,14.390688,0,0,2
18/5/2017 00:00:00,2017,5,18,12880.324,11230.072,13606.148,13066.924,30237.572,4,1,0,1,35.297874,20.267176,45.858772,14.48791,0,0,2
19/5/2017 00:00:00,2017,5,19,16313.796,12880.324,11230.072,13606.148,25384.408,5,1,0,1,35.451073,20.045252,54.476788,16.986801,0,0,2
20/5/2017 00:00:00,2017,5,20,8785.108,16313.796,12880.324,11230.072,28962.744,6,0,0,1,34.992393,19.230188,51.999283,19.244797,0,0,2
21/5/2017 00:00:00,2017,5,21,13765.904,8785.108,16313.796,12880.324,4617.4,7,0,0,1,31.23974,18.20257,59.992095,22.12266,0,0,2
22/5/2017 00:00:00,2017,5,22,10252.848,13765.904,8785.108,16313.796,13066.924,1,1,0,1,18.324427,16.1180515,79.718094,61.74496,0,0,0
23/5/2017 00:00:00,2017,5,23,10107.968,10252.848,13765.904,8785.108,13606.148,2,1,0,1,29.463617,11.265039,72.96063,13.218714,0,0,2
24/5/2017 00:00:00,2017,5,24,17473.076,10107.968,10252.848,13765.904,11230.072,3,1,0,1,33.869133,15.361231,44.04068,10.322561,0,0,2
25/5/2017 00:00:00,2017,5,25,18641.116,17473.076,10107.968,10252.848,12880.324,4,1,0,1,29.47384,15.911249,58.928915,19.88828,0,0,2
26/5/2017 00:00:00,2017,5,26,12812.072,18641.116,17473.076,10107.968,16313.796,5,1,0,1,31.034632,12.356989,72.08075,19.836903,0,0,2
27/5/2017 00:00:00,2017,5,27,12601.184,12812.072,18641.116,17473.076,8785.108,6,0,0,1,31.968409,13.648462,71.18199,22.375013,0,0,2
28/5/2017 00:00:00,2017,5,28,13364.136,12601.184,12812.072,18641.116,13765.904,7,0,2,1,36.406548,17.040064,84.90752,19.707365,0,0,2
29/5/2017 00:00:00,2017,5,29,20860.02,13364.136,12601.184,12812.072,10252.848,1,0,2,1,23.969538,15.613733,89.5092,24.41529,0,0,2
30/5/2017 00:00:00,2017,5,30,5141.52,20860.02,13364.136,12601.184,10107.968,2,0,1,1,28.503626,16.143366,90.91932,30.306894,-1,0,2
31/5/2017 00:00:00,2017,5,31,23558.688,5141.52,20860.02,13364.136,17473.076,3,1,0,1,36.645927,16.044977,83.4962,12.831626,0,0,2
1/6/2017 00:00:00,2017,6,1,15310.252,23558.688,5141.52,20860.02,18641.116,4,1,0,2,31.628931,16.940882,69.84703,14.479312,0,0,2
2/6/2017 00:00:00,2017,6,2,20116.27,15310.252,23558.688,5141.52,12812.072,5,1,0,2,22.597467,14.567102,67.77217,33.725292,0,0,2
3/6/2017 00:00:00,2017,6,3,9113.848,20116.27,15310.252,23558.688,12601.184,6,0,0,2,27.410791,13.575525,71.24397,21.046322,0,0,2
4/6/2017 00:00:00,2017,6,4,6188.512,9113.848,20116.27,15310.252,13364.136,7,0,0,2,31.1755,15.323938,61.752464,16.360065,-1,0,2
5/6/2017 00:00:00,2017,6,5,13987.46,6188.512,9113.848,20116.27,20860.02,1,1,0,2,29.169886,19.1649875,51.85826,20.028599,0,0,2
6/6/2017 00:00:00,2017,6,6,11231.692,13987.46,6188.512,9113.848,5141.52,2,1,0,2,19.691187,13.657648,87.5953775,50.629932,0,0,0
7/6/2017 00:00:00,2017,6,7,11822.096,11231.692,13987.46,6188.512,23558.688,3,1,0,2,31.141047,13.725367,88.330414,13.295025,0,0,2
8/6/2017 00:00:00,2017,6,8,15147.176,11822.096,11231.692,13987.46,15310.252,4,1,0,2,34.924095,16.314478,48.17168,10.682525,0,0,2
9/6/2017 00:00:00,2017,6,9,18733.084,15147.176,11822.096,11231.692,20116.27,5,1,0,2,39.33352,17.64184,48.681293,8.124506,0,0,2
10/6/2017 00:00:00,2017,6,10,9694.796,18733.084,15147.176,11822.096,9113.848,6,0,0,2,26.14657,19.214502,45.013676,13.050374,0,0,2
11/6/2017 00:00:00,2017,6,11,6835.04,9694.796,18733.084,15147.176,6188.512,7,0,0,2,29.505579,18.280787,49.836777,13.459889,-1,0,2
12/6/2017 00:00:00,2017,6,12,18064.284,6835.04,9694.796,18733.084,13987.46,1,1,0,2,26.779596,18.026453,58.313601,24.679811,0,0,2
13/6/2017 00:00:00,2017,6,13,11154.86,18064.284,6835.04,9694.796,11231.692,2,1,0,2,27.22021,16.28277,73.25572,32.434345,0,0,2
14/6/2017 00:00:00,2017,6,14,13046.48,11154.86,18064.284,6835.04,11822.096,3,1,0,2,35.766197,17.117456,68.71997,13.68315,0,0,2
15/6/2017 00:00:00,2017,6,15,13101.836,13046.48,11154.86,18064.284,15147.176,4,1,0,2,38.356163,22.329126,45.10599,11.398788,0,0,2
16/6/2017 00:00:00,2017,6,16,15509.912,13101.836,13046.48,11154.86,18733.084,5,1,0,2,36.961388,23.122705,45.045082,13.071975,0,0,2
17/6/2017 00:00:00,2017,6,17,11191.228,15509.912,13101.836,13046.48,9694.796,6,0,0,2,35.438988,24.407648,39.865746,19.43736,0,0,2
18/6/2017 00:00:00,2017,6,18,9567.752,11191.228,15509.912,13101.836,6835.04,7,0,0,2,33.095116,21.2542665,72.47602,27.304413,0,0,2
19/6/2017 00:00:00,2017,6,19,16427.096,9567.752,11191.228,15509.912,18064.284,1,1,0,2,35.497032,20.696833,78.51383,16.405453,0,0,2
20/6/2017 00:00:00,2017,6,20,14636.116,16427.096,9567.752,11191.228,11154.86,2,1,0,2,35.377525,19.247217,80.027725,15.72114,0,0,2
21/6/2017 00:00:00,2017,6,21,17194.224,14636.116,16427.096,9567.752,13046.48,3,1,0,2,27.914972,20.557245,88.514605,41.629936,0,0,0
22/6/2017 00:00:00,2017,6,22,13239.96,17194.224,14636.116,16427.096,13101.836,4,1,0,2,21.269312,17.0115145,96.087632,68.06229,0,0,0
23/6/2017 00:00:00,2017,6,23,14403.948,13239.96,17194.224,14636.116,15509.912,5,1,0,2,24.405848,16.82467,96.38727,59.406734,0,0,0
24/6/2017 00:00:00,2017,6,24,10306.644,14403.948,13239.96,17194.224,11191.228,6,0,0,2,26.397028,16.882471,92.914566,46.318,0,0,0
25/6/2017 00:00:00,2017,6,25,5709.62,10306.644,14403.948,13239.96,9567.752,7,0,0,2,31.088953,18.405695,85.831215,33.799397,-1,0,2
26/6/2017 00:00:00,2017,6,26,12604.244,5709.62,10306.644,14403.948,16427.096,1,1,0,2,33.278618,20.674494,76.38859,28.68446,0,0,2
27/6/2017 00:00:00,2017,6,27,13081.592,12604.244,5709.62,10306.644,14636.116,2,1,0,2,34.320366,20.204187,88.11427,29.203033,0,0,2
28/6/2017 00:00:00,2017,6,28,13437.768,13081.592,12604.244,5709.62,17194.224,3,1,0,2,29.690577,20.053125,86.82847,49.866467,0,0,0
29/6/2017 00:00:00,2017,6,29,14511.304,13437.768,13081.592,12604.244,13239.96,4,1,0,2,32.61953,23.323664,80.23082,41.430855,0,0,0
30/6/2017 00:00:00,2017,6,30,12859.572,14511.304,13437.768,13081.592,14403.948,5,1,0,2,34.506187,22.557642,87.88313,37.536617,0,0,2
1/7/2017 00:00:00,2017,7,1,4706.172,12859.572,14511.304,13437.768,10306.644,6,0,0,2,35.482903,23.763086,80.347595,34.096584,-1,0,2
2/7/2017 00:00:00,2017,7,2,7068.2,4706.172,12859.572,14511.304,5709.62,7,0,0,2,34.367516,23.013391,86.440125,36.11396,-1,0,2
3/7/2017 00:00:00,2017,7,3,13218.9,7068.2,4706.172,12859.572,12604.244,1,1,0,2,33.20022,21.865656,81.235815,42.943966,0,0,0
4/7/2017 00:00:00,2017,7,4,12989.528,13218.9,7068.2,4706.172,13081.592,2,1,0,2,29.207056,22.767176,91.80334,53.397583,0,0,0
5/7/2017 00:00:00,2017,7,5,13894.184,12989.528,13218.9,7068.2,13437.768,3,1,0,2,31.693872,22.78222,93.77206,53.22733,0,0,0
6/7/2017 00:00:00,2017,7,6,13516.528,13894.184,12989.528,13218.9,14511.304,4,1,0,2,26.084986,22.2983035,98.396482,81.96623,0,0,0
7/7/2017 00:00:00,2017,7,7,16496.964,13516.528,13894.184,12989.528,12859.572,5,1,0,2,33.19857,21.67901,98.46313,40.48961,0,0,0
8/7/2017 00:00:00,2017,7,8,8574.004,16496.964,13516.528,13894.184,4706.172,6,0,0,2,32.885094,20.935205,96.11074,45.128952,-1,0,0
9/7/2017 00:00:00,2017,7,9,6968.9,8574.004,16496.964,13516.528,7068.2,7,0,0,2,37.782463,23.675013,90.348946,21.358822,-1,0,2
10/7/2017 00:00:00,2017,7,10,12439.304,6968.9,8574.004,16496.964,13218.9,1,1,0,2,37.168053,19.664637,83.11037,20.402672,0,0,2
11/7/2017 00:00:00,2017,7,11,14482.144,12439.304,6968.9,8574.004,12989.528,2,1,0,2,36.67025,22.698145,68.5528525,24.05734,0,0,2
12/7/2017 00:00:00,2017,7,12,15438.208,14482.144,12439.304,6968.9,13894.184,3,1,0,2,36.34762,23.490717,75.79421,38.912228,0,0,2
13/7/2017 00:00:00,2017,7,13,14048.812,15438.208,14482.144,12439.304,13516.528,4,1,0,2,35.506218,26.641565,81.85818,48.95675,0,0,0
14/7/2017 00:00:00,2017,7,14,17232.956,14048.812,15438.208,14482.144,16496.964,5,1,0,2,33.002953,23.5204255,85.601204,49.95759,0,0,0
15/7/2017 00:00:00,2017,7,15,12748.416,17232.956,14048.812,15438.208,8574.004,6,0,0,2,29.17428,22.892664,84.911085,65.49081,0,0,0
16/7/2017 00:00:00,2017,7,16,6652.728,12748.416,17232.956,14048.812,6968.9,7,0,0,2,33.14968,24.517786,87.1764,48.146194,-1,0,0
17/7/2017 00:00:00,2017,7,17,13255.612,6652.728,12748.416,17232.956,12439.304,1,1,0,2,33.26217,24.279383,86.64527,44.935387,0,0,0
18/7/2017 00:00:00,2017,7,18,15082.716,13255.612,6652.728,12748.416,14482.144,2,1,0,2,32.743797,24.782373,86.355098,49.10592,0,0,0
19/7/2017 00:00:00,2017,7,19,13248.984,15082.716,13255.612,6652.728,15438.208,3,1,0,2,33.689873,24.752283,94.8411,48.340008,0,0,0
20/7/2017 00:00:00,2017,7,20,13616.28,13248.984,15082.716,13255.612,14048.812,4,1,0,2,35.0588,24.877344,92.75228,51.88554,0,0,0
21/7/2017 00:00:00,2017,7,21,15740.628,13616.28,13248.984,15082.716,17232.956,5,1,0,2,28.684504,20.921412,91.22533,57.393875,0,0,0
22/7/2017 00:00:00,2017,7,22,7204.192,15740.628,13616.28,13248.984,12748.416,6,0,0,2,26.41775,21.057642,91.79837,61.525574,-1,0,0
23/7/2017 00:00:00,2017,7,23,6556.3,7204.192,15740.628,13616.28,6652.728,7,0,0,2,29.087732,22.718653,88.395787,55.264633,-1,0,0
24/7/2017 00:00:00,2017,7,24,11690.632,6556.3,7204.192,15740.628,13255.612,1,1,0,2,30.153223,23.96029,89.51685,50.121124,0,0,0
25/7/2017 00:00:00,2017,7,25,12092.756,11690.632,6556.3,7204.192,15082.716,2,1,0,2,29.216486,22.9229525,83.795074,44.90227,0,0,0
26/7/2017 00:00:00,2017,7,26,11159.304,12092.756,11690.632,6556.3,13248.984,3,1,0,2,22.78985,19.89358,84.68388,68.86225,0,0,0
27/7/2017 00:00:00,2017,7,27,11403.024,11159.304,12092.756,11690.632,13616.28,4,1,0,2,30.922632,20.083155,87.06629,40.779095,0,0,0
28/7/2017 00:00:00,2017,7,28,12067.272,11403.024,11159.304,12092.756,15740.628,5,1,0,2,29.73736,21.396051,72.67506,35.023876,0,0,2
29/7/2017 00:00:00,2017,7,29,11454.296,12067.272,11403.024,11159.304,7204.192,6,0,0,2,30.475092,20.658716,77.3008775,34.215595,0,0,2
30/7/2017 00:00:00,2017,7,30,5680.916,11454.296,12067.272,11403.024,6556.3,7,0,0,2,31.574427,20.338037,78.05562,33.753414,-1,0,2
31/7/2017 00:00:00,2017,7,31,11612.368,5680.916,11454.296,12067.272,11690.632,1,1,0,2,32.772057,21.031397,92.0697025,38.483906,0,0,0
1/8/2017 00:00:00,2017,8,1,12215.232,11612.368,5680.916,11454.296,12092.756,2,1,0,2,32.592827,22.777063,99.58183,47.583603,0,0,0
2/8/2017 00:00:00,2017,8,2,12265.324,12215.232,11612.368,5680.916,11159.304,3,1,0,2,31.196863,23.47317,97.079735,60.35648,0,0,0
3/8/2017 00:00:00,2017,8,3,14287.512,12265.324,12215.232,11612.368,11403.024,4,1,0,2,37.11312,23.913294,98.536514,36.343357,0,0,2
4/8/2017 00:00:00,2017,8,4,13563.824,14287.512,12265.324,12215.232,12067.272,5,1,0,2,37.562614,23.342981,77.20236,29.04315,0,0,2
5/8/2017 00:00:00,2017,8,5,8583.156,13563.824,14287.512,12265.324,11454.296,6,0,0,2,33.2781,23.85592,86.842598,43.212326,-1,0,0
6/8/2017 00:00:00,2017,8,6,8298.536,8583.156,13563.824,14287.512,5680.916,7,0,0,2,35.844475,22.565363,90.0712,26.737474,-1,0,2
7/8/2017 00:00:00,2017,8,7,12268.744,8298.536,8583.156,13563.824,11612.368,1,1,0,2,34.77865,21.499842,71.24218,30.624012,0,0,2
8/8/2017 00:00:00,2017,8,8,16128.236,12268.744,8298.536,8583.156,12215.232,2,1,0,2,35.06362,22.630426,76.969925,29.824831,0,0,2
9/8/2017 00:00:00,2017,8,9,16521.656,16128.236,12268.744,8298.536,12265.324,3,1,0,2,28.89538,22.039698,95.96045,48.97423,0,0,0
10/8/2017 00:00:00,2017,8,10,13301.6,16521.656,16128.236,12268.744,14287.512,4,1,0,2,31.63946,20.484888,91.26959,46.760204,0,0,0
11/8/2017 00:00:00,2017,8,11,18353.4,13301.6,16521.656,16128.236,13563.824,5,1,0,2,30.502802,22.490229,95.5802975,55.783257,0,0,0
12/8/2017 00:00:00,2017,8,12,9177.912,18353.4,13301.6,16521.656,8583.156,6,0,0,2,28.158625,22.699366,98.95683,79.34795,0,0,0
13/8/2017 00:00:00,2017,8,13,7800.708,9177.912,18353.4,13301.6,8298.536,7,0,0,2,27.048365,21.928461,98.18494,66.51584,-1,0,0
14/8/2017 00:00:00,2017,8,14,11315.296,7800.708,9177.912,18353.4,12268.744,1,1,0,2,29.60113,21.444727,97.90721,53.23319,0,0,0
15/8/2017 00:00:00,2017,8,15,13277.02,11315.296,7800.708,9177.912,16128.236,2,1,0,2,31.120905,21.604303,90.99348,50.436455,0,0,0
16/8/2017 00:00:00,2017,8,16,13002.02,13277.02,11315.296,7800.708,16521.656,3,1,0,2,29.975061,21.896036,96.937037,55.17705,0,0,0
17/8/2017 00:00:00,2017,8,17,12618.048,13002.02,13277.02,11315.296,13301.6,4,1,0,2,29.133234,19.837854,97.124435,48.8884,0,0,0
18/8/2017 00:00:00,2017,8,18,12251.26,12618.048,13002.02,13277.02,18353.4,5,1,0,2,26.311396,20.573511,95.552505,72.90985,0,0,0
19/8/2017 00:00:00,2017,8,19,9766.608,12251.26,12618.048,13002.02,9177.912,6,0,0,2,27.716394,21.628931,95.66253,57.303707,0,0,0
20/8/2017 00:00:00,2017,8,20,7556.144,9766.608,12251.26,12618.048,7800.708,7,0,0,2,28.660639,20.599054,96.59274,58.85509,-1,0,0
21/8/2017 00:00:00,2017,8,21,12439.672,7556.144,9766.608,12251.26,11315.296,1,1,0,2,32.4952,22.543238,92.40048,50.506348,0,0,0
22/8/2017 00:00:00,2017,8,22,13519.016,12439.672,7556.144,9766.608,13277.02,2,1,0,2,29.154291,23.4997195,97.557573,67.46144,0,0,0
23/8/2017 00:00:00,2017,8,23,15909.176,13519.016,12439.672,7556.144,13002.02,3,1,0,2,32.073814,23.419397,98.19656,45.5216,0,0,0
24/8/2017 00:00:00,2017,8,24,16689.196,15909.176,13519.016,12439.672,12618.048,4,1,0,2,30.047083,17.897852,81.64412,26.563023,0,0,2
25/8/2017 00:00:00,2017,8,25,19156.54,16689.196,15909.176,13519.016,12251.26,5,1,0,2,29.499567,14.75445,63.672844,28.372772,0,0,2
26/8/2017 00:00:00,2017,8,26,7841.8,19156.54,16689.196,15909.176,9766.608,6,0,0,2,28.169947,16.225153,69.277822,26.58892,-1,0,2
27/8/2017 00:00:00,2017,8,27,5691.7,7841.8,19156.54,16689.196,7556.144,7,0,0,2,20.22674,16.859812,97.248105,70.94897,-1,0,0
28/8/2017 00:00:00,2017,8,28,13366.088,5691.7,7841.8,19156.54,12439.672,1,1,0,2,27.342829,14.912195,98.444855,37.110935,0,0,0
29/8/2017 00:00:00,2017,8,29,14919.048,13366.088,5691.7,7841.8,13519.016,2,1,0,2,24.95846,14.736658,87.343397,32.800125,0,0,2
30/8/2017 00:00:00,2017,8,30,10940.612,14919.048,13366.088,5691.7,15909.176,3,1,0,2,27.731348,14.210596,97.91108,47.32965,0,0,0
31/8/2017 00:00:00,2017,8,31,12375.816,10940.612,14919.048,13366.088,16689.196,4,1,0,2,26.25271,16.984888,102.52143,58.066628,0,0,0
1/9/2017 00:00:00,2017,9,1,11037.188,12375.816,10940.612,14919.048,19156.54,5,1,0,3,26.006617,17.778284,98.66969,54.62563,0,0,0
2/9/2017 00:00:00,2017,9,2,8535.388,11037.188,12375.816,10940.612,7841.8,6,0,0,3,26.493036,17.791773,97.71422,51.701633,-1,0,0
3/9/2017 00:00:00,2017,9,3,7951.696,8535.388,11037.188,12375.816,5691.7,7,0,0,3,24.657557,18.359888,87.97334,53.47629,-1,0,0
4/9/2017 00:00:00,2017,9,4,9786.556,7951.696,8535.388,11037.188,13366.088,1,1,0,3,26.640345,17.185205,93.34439,51.290863,0,0,0
5/9/2017 00:00:00,2017,9,5,12428.584,9786.556,7951.696,8535.388,14919.048,2,1,0,3,27.973993,18.517359,93.45095,28.577002,0,0,2
6/9/2017 00:00:00,2017,9,6,12641.412,12428.584,9786.556,7951.696,10940.612,3,1,0,3,30.491693,16.688623,68.28845,22.874496,0,0,2
7/9/2017 00:00:00,2017,9,7,12544.936,12641.412,12428.584,9786.556,12375.816,4,1,0,3,33.057335,16.686182,72.02858,26.350876,0,0,2
8/9/2017 00:00:00,2017,9,8,13867.648,12544.936,12641.412,12428.584,11037.188,5,1,0,3,30.725122,17.33462,92.4888525,43.325954,0,0,0
9/9/2017 00:00:00,2017,9,9,9518.676,13867.648,12544.936,12641.412,8535.388,6,0,0,3,28.771173,17.993464,93.20458,46.396774,0,0,0
10/9/2017 00:00:00,2017,9,10,6249.92,9518.676,13867.648,12544.936,7951.696,7,0,0,3,28.465906,20.014032,100.427475,39.695564,-1,0,0
11/9/2017 00:00:00,2017,9,11,14698.272,6249.92,9518.676,13867.648,9786.556,1,1,0,3,28.556635,13.982508,74.727356,20.548204,0,0,2
12/9/2017 00:00:00,2017,9,12,11651.384,14698.272,6249.92,9518.676,12428.584,2,1,0,3,28.88595,14.089075,63.358334,24.318542,0,0,2
13/9/2017 00:00:00,2017,9,13,14165.192,11651.384,14698.272,6249.92,12641.412,3,1,0,3,28.568048,17.245325,92.145966,47.769382,0,0,0
14/9/2017 00:00:00,2017,9,14,13548.476,14165.192,11651.384,14698.272,12544.936,4,1,0,3,28.516932,18.303308,94.405876,32.51957,0,0,2
15/9/2017 00:00:00,2017,9,15,13936.04,13548.476,14165.192,11651.384,13867.648,5,1,0,3,27.446772,19.363367,78.43748,32.498787,0,0,2
16/9/2017 00:00:00,2017,9,16,8925.5,13936.04,13548.476,14165.192,9518.676,6,0,0,3,29.160181,16.532892,87.32222,40.90403,0,0,0
17/9/2017 00:00:00,2017,9,17,6170.6,8925.5,13936.04,13548.476,6249.92,7,0,0,3,28.375818,13.200678,56.607037,20.041578,-1,0,2
18/9/2017 00:00:00,2017,9,18,11939.276,6170.6,8925.5,13936.04,14698.272,1,1,0,3,31.949518,14.767054,62.296967,19.95518,0,0,2
19/9/2017 00:00:00,2017,9,19,13649.572,11939.276,6170.6,8925.5,11651.384,2,1,0,3,28.884516,14.408716,60.42138,13.526776,0,0,2
20/9/2017 00:00:00,2017,9,20,13078.292,13649.572,11939.276,6170.6,14165.192,3,1,0,3,27.530664,12.667749,60.878605,19.472675,0,0,2
21/9/2017 00:00:00,2017,9,21,12344.748,13078.292,13649.572,11939.276,13548.476,4,1,0,3,28.163721,14.382776,84.46529,29.52455,0,0,2
22/9/2017 00:00:00,2017,9,22,20174.496,12344.748,13078.292,13649.572,13936.04,5,1,0,3,25.880518,12.381708,83.56136,15.867706,0,0,2
23/9/2017 00:00:00,2017,9,23,6927.244,20174.496,12344.748,13078.292,8925.5,6,0,0,3,25.87002,14.4986515,63.85307,25.198591,-1,0,2
24/9/2017 00:00:00,2017,9,24,6008.888,6927.244,20174.496,12344.748,6170.6,7,0,0,3,29.84295,16.74093,82.349222,21.864267,-1,0,2
25/9/2017 00:00:00,2017,9,25,11364.216,6008.888,6927.244,20174.496,11939.276,1,1,0,3,27.630762,16.782434,83.206024,48.011375,0,0,0
26/9/2017 00:00:00,2017,9,26,18596,11364.216,6008.888,6927.244,13649.572,2,1,0,3,20.400324,15.26771,92.5333,38.820225,0,0,0
27/9/2017 00:00:00,2017,9,27,11604.656,18596,11364.216,6008.888,13078.292,3,1,0,3,24.043787,9.6668035,72.66372,29.103252,0,0,2
28/9/2017 00:00:00,2017,9,28,13796.14,11604.656,18596,11364.216,12344.748,4,1,0,3,21.220667,6.1549315,59.274914,13.299867,0,0,2
29/9/2017 00:00:00,2017,9,29,11681.48,13796.14,11604.656,18596,20174.496,5,1,0,3,27.416834,6.8229613,63.52556,13.6238,0,0,2
30/9/2017 00:00:00,2017,9,30,4306.56,11681.48,13796.14,11604.656,6927.244,6,0,0,3,23.586542,11.503992,82.81294,43.894287,-1,0,0
1/10/2017 00:00:00,2017,10,1,11778.94,4306.56,11681.48,13796.14,6008.888,7,0,2,3,25.655329,13.868311,98.17765,16.581726,0,0,2
2/10/2017 00:00:00,2017,10,2,4592.776,11778.94,4306.56,11681.48,11364.216,1,0,1,3,15.1470585,11.558313,78.778534,33.9954,-1,0,1
3/10/2017 00:00:00,2017,10,3,3899.964,4592.776,11778.94,4306.56,18596,2,0,1,3,18.769678,7.164087,78.130264,18.349352,-1,0,2
4/10/2017 00:00:00,2017,10,4,8997.596,3899.964,4592.776,11778.94,11604.656,3,0,2,3,20.135218,6.900537,68.969665,25.486471,0,0,2
5/10/2017 00:00:00,2017,10,5,4950.552,8997.596,3899.964,4592.776,13796.14,4,0,1,3,18.955256,8.060358,94.203948,34.699512,-1,0,2
6/10/2017 00:00:00,2017,10,6,3782.64,4950.552,8997.596,3899.964,11681.48,5,0,1,3,21.355494,10.540003,100.50992,45.60348,-1,0,0
7/10/2017 00:00:00,2017,10,7,3770.62,3782.64,4950.552,8997.596,4306.56,6,0,1,3,17.679743,11.609247,97.98777,66.076515,-1,0,0
8/10/2017 00:00:00,2017,10,8,3389.128,3770.62,3782.64,4950.552,11778.94,7,0,1,3,17.983088,12.288843,97.692726,64.72472,-1,0,0
9/10/2017 00:00:00,2017,10,9,24594.268,3389.128,3770.62,3782.64,4592.776,1,1,0,3,14.839258,8.7885535,90.29106,82.78457,0,0,0
10/10/2017 00:00:00,2017,10,10,13646.272,24594.268,3389.128,3770.62,3899.964,2,1,0,3,9.873682,5.851892,89.33699,64.63801,0,0,0
11/10/2017 00:00:00,2017,10,11,11302.824,13646.272,24594.268,3389.128,8997.596,3,1,0,3,15.177362,3.7502685,90.97483,35.179287,0,0,1
12/10/2017 00:00:00,2017,10,12,9259.024,11302.824,13646.272,24594.268,4950.552,4,1,0,3,14.059473,4.3839355,76.306125,46.302807,0,0,0
13/10/2017 00:00:00,2017,10,13,7643.832,9259.024,11302.824,13646.272,3782.64,5,1,0,3,18.839502,3.5696654,78.28216,24.425827,-1,0,2
14/10/2017 00:00:00,2017,10,14,5569.992,7643.832,9259.024,11302.824,3770.62,6,0,0,3,13.035028,4.580713,91.8176225,28.998047,-1,0,1
15/10/2017 00:00:00,2017,10,15,4940.284,5569.992,7643.832,9259.024,3389.128,7,0,0,3,17.61172,6.96911,94.71344,43.51315,-1,0,0
16/10/2017 00:00:00,2017,10,16,11349.492,4940.284,5569.992,7643.832,24594.268,1,1,0,3,16.161982,4.428491,93.3828,25.884178,0,0,2
17/10/2017 00:00:00,2017,10,17,8706.18,11349.492,4940.284,5569.992,13646.272,2,1,0,3,15.59466,7.8557067,101.80893,61.245,-1,0,0
18/10/2017 00:00:00,2017,10,18,8461.568,8706.18,11349.492,4940.284,11302.824,3,1,0,3,13.921686,9.486521,101.55814,70.64796,-1,0,0
19/10/2017 00:00:00,2017,10,19,9978.588,8461.568,8706.18,11349.492,9259.024,4,1,0,3,19.581629,6.156427,98.910835,42.085953,0,0,0
20/10/2017 00:00:00,2017,10,20,8855.224,9978.588,8461.568,8706.18,7643.832,5,1,0,3,21.886438,6.9571166,104.42904,38.29149,0,0,0
21/10/2017 00:00:00,2017,10,21,5161.448,8855.224,9978.588,8461.568,5569.992,6,0,0,3,14.939356,7.6131225,90.238988,43.14617,-1,0,0
22/10/2017 00:00:00,2017,10,22,3634.42,5161.448,8855.224,9978.588,4940.284,7,0,0,3,14.904108,6.0057006,90.979866,44.536457,-1,0,0
23/10/2017 00:00:00,2017,10,23,7229.872,3634.42,5161.448,8855.224,11349.492,1,1,0,3,15.8311405,5.5503783,94.897026,41.39749,-1,0,0
24/10/2017 00:00:00,2017,10,24,10359.28,7229.872,3634.42,5161.448,8706.18,2,1,0,3,17.834192,5.313104,93.61266,45.328976,0,0,0
25/10/2017 00:00:00,2017,10,25,7480.6,10359.28,7229.872,3634.42,8461.568,3,1,0,3,13.779535,7.0855346,95.89088,63.41968,-1,0,0
26/10/2017 00:00:00,2017,10,26,10214.4,7480.6,10359.28,7229.872,9978.588,4,1,0,3,17.281153,7.7281127,100.97033,56.697838,0,0,0
27/10/2017 00:00:00,2017,10,27,9026.332,10214.4,7480.6,10359.28,8855.224,5,1,0,3,19.718836,7.0678344,110.27824,42.167522,0,0,0
28/10/2017 00:00:00,2017,10,28,52132.152,9026.332,10214.4,7480.6,5161.448,6,0,0,3,10.957697,0.9529358,110.76995,26.877073,1,0,1
29/10/2017 00:00:00,2017,10,29,37686.732,52132.152,9026.332,10214.4,3634.42,7,0,0,3,12.589869,-0.7960266,63.096996,22.660276,0,0,1
30/10/2017 00:00:00,2017,10,30,10284.216,37686.732,52132.152,9026.332,7229.872,1,1,0,3,15.630976,-0.00144043,67.012535,20.25224,0,0,1
31/10/2017 00:00:00,2017,10,31,10276.044,10284.216,37686.732,52132.152,10359.28,2,1,0,3,15.813196,1.712732,78.09217,32.858444,0,0,1
1/11/2017 00:00:00,2017,11,1,13019.396,10276.044,10284.216,37686.732,7480.6,3,1,0,3,18.640131,3.4693542,76.50862,21.00043,0,0,2
2/11/2017 00:00:00,2017,11,2,13269.624,13019.396,10276.044,10284.216,10214.4,4,1,0,3,18.015894,4.291452,78.2221,24.230417,0,0,2
3/11/2017 00:00:00,2017,11,3,9391.812,13269.624,13019.396,10276.044,9026.332,5,1,0,3,10.734247,0.8265015,70.39146,22.602592,0,0,1
4/11/2017 00:00:00,2017,11,4,6905.076,9391.812,13269.624,13019.396,52132.152,6,0,0,3,14.246851,0.7206665,76.87929,25.828302,-1,0,1
5/11/2017 00:00:00,2017,11,5,3104.26,6905.076,9391.812,13269.624,37686.732,7,0,0,3,12.014063,1.6727539,86.46177,45.446255,-1,0,0
6/11/2017 00:00:00,2017,11,6,8599.88,3104.26,6905.076,9391.812,10284.216,1,1,0,3,16.797876,3.5544066,102.136444,47.780174,-1,0,0
7/11/2017 00:00:00,2017,11,7,16858.48,8599.88,3104.26,6905.076,10276.044,2,1,0,3,16.446283,3.75815725,99.10803,22.894846,0,0,2
8/11/2017 00:00:00,2017,11,8,9162.78,16858.48,8599.88,3104.26,13019.396,3,1,0,3,12.139307,0.52660525,81.542398,30.446815,0,0,1
9/11/2017 00:00:00,2017,11,9,7748.5,9162.78,16858.48,8599.88,13269.624,4,1,0,3,13.9172,3.5631042,97.4489,53.706635,-1,0,0
10/11/2017 00:00:00,2017,11,10,24244.672,7748.5,9162.78,16858.48,9391.812,5,1,0,3,9.215937,-1.6025451,64.52204,22.023033,0,0,1
11/11/2017 00:00:00,2017,11,11,6359.956,24244.672,7748.5,9162.78,6905.076,6,0,0,3,6.9818053,-2.5502687,71.29412,27.570404,-1,0,1
12/11/2017 00:00:00,2017,11,12,3666.768,6359.956,24244.672,7748.5,3104.26,7,0,0,3,12.713831,-0.7147888,78.41242,32.197994,-1,0,1
13/11/2017 00:00:00,2017,11,13,44815.992,3666.768,6359.956,24244.672,8599.88,1,1,0,3,8.594507,-1.3231567,80.61224,19.049875,1,0,1
14/11/2017 00:00:00,2017,11,14,25167.044,44815.992,3666.768,6359.956,16858.48,2,1,0,3,4.5697265,-2.8693604,68.85437,21.287365,0,0,1
15/11/2017 00:00:00,2017,11,15,13426.296,25167.044,44815.992,3666.768,9162.78,3,1,0,3,5.0226073,-4.0010743,63.89671,22.767582,0,0,1
16/11/2017 00:00:00,2017,11,16,10186.036,13426.296,25167.044,44815.992,7748.5,4,1,0,3,6.066034,-3.1190248,68.2821675,29.588331,0,0,1
17/11/2017 00:00:00,2017,11,17,38682.592,10186.036,13426.296,25167.044,24244.672,5,1,0,3,2.9065795,-5.7040162,72.71845,22.09609,0,0,1
18/11/2017 00:00:00,2017,11,18,15175.676,38682.592,10186.036,13426.296,6359.956,6,0,0,3,4.7621703,-6.1699586,54.5425625,21.120552,0,0,1
19/11/2017 00:00:00,2017,11,19,6071.792,15175.676,38682.592,10186.036,3666.768,7,0,0,3,5.4923034,-4.7865357,62.882835,23.498713,-1,0,1
20/11/2017 00:00:00,2017,11,20,10219.72,6071.792,15175.676,38682.592,44815.992,1,1,0,3,9.48501,-4.544806,63.860035,23.594074,0,0,1
21/11/2017 00:00:00,2017,11,21,21387.924,10219.72,6071.792,15175.676,25167.044,2,1,0,3,10.170984,-1.9188598,73.24756,27.78542,0,0,1
22/11/2017 00:00:00,2017,11,22,36585.1,21387.924,10219.72,6071.792,13426.296,3,1,0,3,4.7970824,-3.1537843,70.89319,27.476168,0,0,1
23/11/2017 00:00:00,2017,11,23,27014.928,36585.1,21387.924,10219.72,10186.036,4,1,0,3,4.081598,-4.7595277,63.488297,22.501125,0,0,1
24/11/2017 00:00:00,2017,11,24,18418.932,27014.928,36585.1,21387.924,38682.592,5,1,0,3,4.504907,-6.0115113,67.24688,24.746181,0,0,1
25/11/2017 00:00:00,2017,11,25,8939.508,18418.932,27014.928,36585.1,15175.676,6,0,0,3,6.035913,-3.0278687,73.747116,37.89677,0,0,1
26/11/2017 00:00:00,2017,11,26,24912.84,8939.508,18418.932,27014.928,6071.792,7,0,0,3,3.2825866,-6.6360536,66.253517,24.026688,0,0,1
27/11/2017 00:00:00,2017,11,27,10123.4,24912.84,8939.508,18418.932,10219.72,1,1,0,3,2.6045165,-4.9870667,82.208895,44.242058,0,0,1
28/11/2017 00:00:00,2017,11,28,41881.412,10123.4,24912.84,8939.508,21387.924,2,1,0,3,2.1814208,-6.9747528,90.09804,19.151485,1,0,1
29/11/2017 00:00:00,2017,11,29,15333.34,41881.412,10123.4,24912.84,36585.1,3,1,0,3,-2.3271546,-9.11347,59.0943275,26.123074,0,0,1
30/11/2017 00:00:00,2017,11,30,14153.12,15333.34,41881.412,10123.4,27014.928,4,1,0,3,1.8723999,-9.206091,65.39667,23.98758,0,0,1
1/12/2017 00:00:00,2017,12,1,9600.944,14153.12,15333.34,41881.412,18418.932,5,1,0,4,4.8999877,-7.884314,68.35933,26.74631,0,0,1
2/12/2017 00:00:00,2017,12,2,6171.44,9600.944,14153.12,15333.34,8939.508,6,0,0,4,6.943933,-5.5361085,74.138824,29.115028,-1,0,1
3/12/2017 00:00:00,2017,12,3,31774.716,6171.44,9600.944,14153.12,24912.84,7,0,0,4,3.5961547,-5.84146735,66.9862,25.081684,0,0,1
4/12/2017 00:00:00,2017,12,4,20923.592,31774.716,6171.44,9600.944,10123.4,1,1,0,4,0.20900878,-9.9978695,61.09584,24.294722,0,0,1
5/12/2017 00:00:00,2017,12,5,14582.568,20923.592,31774.716,6171.44,41881.412,2,1,0,4,5.7003417,-7.75907,63.54861,28.62381,0,0,1
6/12/2017 00:00:00,2017,12,6,14309.456,14582.568,20923.592,31774.716,15333.34,3,1,0,4,6.8493896,-4.0469117,63.592592,27.031195,0,0,1
7/12/2017 00:00:00,2017,12,7,28205.092,14309.456,14582.568,20923.592,14153.12,4,1,0,4,2.0691772,-5.556433,63.602512,27.531395,0,0,1
8/12/2017 00:00:00,2017,12,8,13169.552,28205.092,14309.456,14582.568,9600.944,5,1,0,4,6.9218383,-6.0602174,63.86466,26.720419,0,0,1
9/12/2017 00:00:00,2017,12,9,8111.372,13169.552,28205.092,14309.456,6171.44,6,0,0,4,7.986261,-3.7647462,67.25354,25.712414,-1,0,1
10/12/2017 00:00:00,2017,12,10,40267.076,8111.372,13169.552,28205.092,31774.716,7,0,0,4,1.3764282,-6.104712,61.334896,20.396038,1,0,1
11/12/2017 00:00:00,2017,12,11,16192.384,40267.076,8111.372,13169.552,20923.592,1,1,0,4,-2.2344422,-9.9084835,62.36982,21.981947,0,0,1
12/12/2017 00:00:00,2017,12,12,14000.96,16192.384,40267.076,8111.372,14582.568,2,1,0,4,-4.6458497,-12.192389,60.590878,28.716091,0,0,1
13/12/2017 00:00:00,2017,12,13,12488.18,14000.96,16192.384,40267.076,14309.456,3,1,0,4,-2.844397,-11.319738,65.545364,29.860874,0,0,1
14/12/2017 00:00:00,2017,12,14,11010.92,12488.18,14000.96,16192.384,28205.092,4,1,0,4,-2.0919557,-6.4894166,93.4358,47.536446,0,0,1
15/12/2017 00:00:00,2017,12,15,35994.672,11010.92,12488.18,14000.96,13169.552,5,1,0,4,0.35875854,-8.253759,85.804436,25.129469,0,0,1
16/12/2017 00:00:00,2017,12,16,46906.328,35994.672,11010.92,12488.18,8111.372,6,0,0,4,-1.9945434,-9.312872,60.8381195,26.303204,1,0,1
17/12/2017 00:00:00,2017,12,17,7205.188,46906.328,35994.672,11010.92,40267.076,7,0,0,4,3.904901,-7.9586854,63.125423,25.186144,-1,0,1
18/12/2017 00:00:00,2017,12,18,33916.692,7205.188,46906.328,35994.672,16192.384,1,1,0,4,3.0804076,-6.0668855,59.5928,24.18055,0,0,1
19/12/2017 00:00:00,2017,12,19,15781.68,33916.692,7205.188,46906.328,14000.96,2,1,0,4,5.4114623,-8.562719,69.17917,27.387196,0,0,1
20/12/2017 00:00:00,2017,12,20,17886.492,15781.68,33916.692,7205.188,12488.18,3,1,0,4,5.3276916,-4.455725,63.154903,29.566412,0,0,1
21/12/2017 00:00:00,2017,12,21,9560.704,17886.492,15781.68,33916.692,11010.92,4,1,0,4,7.537744,-6.2134156,73.0813,28.982952,0,0,1
22/12/2017 00:00:00,2017,12,22,17069.844,9560.704,17886.492,15781.68,35994.672,5,1,0,4,7.3783507,-4.755774,68.681564,23.690878,0,0,1
23/12/2017 00:00:00,2017,12,23,5936.088,17069.844,9560.704,17886.492,46906.328,6,0,0,4,5.8388,-3.7893128,72.15557,30.90318,-1,0,1
24/12/2017 00:00:00,2017,12,24,48354.856,5936.088,17069.844,9560.704,7205.188,7,0,0,4,1.8630005,-5.445868,61.504917,25.829472,1,0,1
25/12/2017 00:00:00,2017,12,25,10532.148,48354.856,5936.088,17069.844,33916.692,1,1,0,4,4.883386,-6.2048707,66.14423,26.507416,0,0,1
26/12/2017 00:00:00,2017,12,26,11384.652,10532.148,48354.856,5936.088,15781.68,2,1,0,4,1.7540833,-8.346502,76.373008,30.669975,0,0,1
27/12/2017 00:00:00,2017,12,27,9072.532,11384.652,10532.148,48354.856,17886.492,3,1,0,4,0.1473938,-7.3891053,101.67922,53.70412,0,0,1
28/12/2017 00:00:00,2017,12,28,9736.3,9072.532,11384.652,10532.148,9560.704,4,1,0,4,0.3904663,-5.2835145,96.97244,66.10794,0,0,0
29/12/2017 00:00:00,2017,12,29,9374.8,9736.3,9072.532,11384.652,17069.844,5,1,0,4,3.2515807,-5.8992677,108.757195,39.893387,0,0,1
30/12/2017 00:00:00,2017,12,30,13458.844,9374.8,9736.3,9072.532,5936.088,6,0,2,4,3.4348693,-4.38497025,70.68504,29.955364,0,0,1
31/12/2017 00:00:00,2017,12,31,5741.532,13458.844,9374.8,9736.3,48354.856,7,0,1,4,3.6281981,-7.565253,61.816322,22.771893,-1,0,1
